start	size	ranges
1000:0000	343	1000:0000..1015:0007
1015:0007	19	1015:0007..1016:000A
1016:000A	1	1016:000A..1016:000B
1016:000B	18	1016:000B..1017:000D
1017:000D	67	1017:000D..101C:0000
101C:0000	45	101C:0000..101E:000D
101E:000D	68	101E:000D..1023:0001
1023:0001	65	1023:0001..1027:0002
1027:0002	8	1027:0002..1027:000A
1027:000A	27	1027:000A..1029:0005
1029:0005	45	1029:0005..102C:0002
102C:0002	24	102C:0002..102D:000A
102D:000A	12	102D:000A..102E:0006
102E:0006	259	102E:0006..103E:0009
103E:0009	354	103E:0009..1054:000B
1054:000B	32	1054:000B..1056:000B
1056:000B	29	1056:000B..1058:0008
1058:0008	51	1058:0008..105B:000B
105B:000B	45	105B:000B..105E:0008
105E:0008	18	105E:0008..105F:000A
105F:000A	22	105F:000A..1061:0000
1061:0000	1	1061:0000..1061:0001
1061:0001	87	1061:0001..1066:0008
1066:0008	15	1066:0008..1067:0007
1067:0007	18	1067:0007..1068:0009
1068:0009	14	1068:0009..1069:0007
106A:0003	23	106A:0003..106B:000A
106B:000A	28	106B:000A..106D:0006
106D:0006	29	106D:0006..106F:0003
106F:0003	19	106F:0003..1070:0006
1070:0006	19	1070:0006..1071:0009
1071:0009	26	1071:0009..1073:0003
1073:0003	31	1073:0003..1075:0002
1075:0002	10	1075:0002..1075:000C
1076:0009	15	1076:0009..1077:0008
1077:0008	17	1077:0008..1078:0009
1078:0009	3	1078:0009..1078:000C
1078:000C	4	1078:000C..1079:0000
1079:0003	5	1079:0003..1079:0008
1079:0008	3	1079:0008..1079:000B
1079:000B	5	1079:000B..107A:0000
107A:0003	148	107A:0003..1083:0007
1083:0007	3	1083:0007..1083:000A
1083:000A	30	1083:000A..1085:0008
1085:000B	29	1085:000B..1087:0008
1087:000B	30	1087:000B..1089:0009
1089:0009	77	1089:0009..108C:0008 108D:000B..108F:0009
108F:0009	40	108F:0009..1092:0001
1092:0001	57	1092:0001..1095:000A
1095:000A	18	1095:000A..1096:000C
1096:000C	17	1096:000C..1097:000D
1097:000D	130	1097:000D..109F:000F
109F:000F	32	109F:000F..10A1:000F
10A1:000F	41	10A1:000F..10A4:0008
10A4:0008	24	10A4:0008..10A6:0000
10A6:0000	93	10A6:0000..10AB:000D
10AB:000D	89	10AB:000D..10B1:0006
10B1:0006	23	10B1:0006..10B2:000D
10B2:000D	33	10B2:000D..10B4:000E
10B4:000E	28	10B4:000E..10B6:000A
10B6:000A	47	10B6:000A..10B9:0009
10B9:0009	24	10B9:0009..10BB:0001
10BB:0001	24	10BB:0001..10BC:0009
10BC:0009	20	10BC:0009..10BD:000D
10BD:000D	27	10BD:000D..10BF:0008
10BF:0008	870	10BF:0008..10D5:000F 10DD:0000..10E4:0003 10EA:0001..1102:0007 1108:000B..1109:0001
110B:000D	43	110B:000D..110E:0008
110E:0008	418	110E:0008..1128:000A
1128:000A	40	1128:000A..112B:0002
112B:0002	27	112B:0002..112C:000D
112C:000D	286	112C:000D..113E:000B
113E:000B	460	113E:000B..115B:0007
115B:0007	24	115B:0007..115C:000F
115C:000F	68	115C:000F..1161:0003
1161:0003	68	1161:0003..1165:0007
1165:0007	32	1165:0007..1167:0007
1167:0007	21	1167:0007..1168:000C
1168:000C	21	1168:000C..116A:0001
1175:000B	64	1175:000B..1179:000B
1179:000B	88	1179:000B..117F:0003
117F:0003	26	117F:0003..1180:000D
1180:000D	44	1180:000D..1183:0009
1183:0009	44	1183:0009..1186:0005
1186:0005	24	1186:0005..1187:000D
1187:000D	7	1187:000D..1188:0004
1188:0004	9	1188:0004..1188:000D
1188:000D	8	1188:000D..1189:0005
1189:0005	26	1189:0005..118A:000F
118A:000F	13	118A:000F..118B:000C
118B:000C	9	118B:000C..118C:0005
118C:0005	52	118C:0005..118F:0009
118F:0009	1071	118F:0009..11D2:0008
11D5:0008	37	11D5:0008..11D7:000D
11D7:000D	122	11D7:000D..11DF:0007
11DF:0007	52	11DF:0007..11E2:000B
11E2:000B	93	11E2:000B..11E8:0008
11E8:0008	6	11E8:0008..11E8:000E
11E8:000E	292	11E8:000E..11FB:0002
11FD:000C	45	11FD:000C..1200:0009
1200:0009	14	1200:0009..1201:0007
1201:0007	139	1201:0007..120A:0002
120B:000F	194	120B:000F..1218:0001
1218:0001	5	1218:0001..1218:0006
1218:0006	26	1218:0006..121A:0000
1234:0001	501	1234:0001..1253:0006
1253:0006	36	1253:0006..1255:000A
1256:0006	99	1256:0006..125C:0009
125C:0009	113	125C:0009..1263:000A
1263:000A	41	1263:000A..1266:0003
1266:0003	55	1266:0003..1269:000A
1269:000A	41	1269:000A..126C:0003
126C:0003	100	126C:0003..1272:0007
1272:0007	90	1272:0007..1278:0001
1278:0001	35	1278:0001..127A:0004
127A:0004	10	127A:0004..127A:000E
127A:000E	125	127A:000E..1282:000B
1282:000B	124	1282:000B..128A:0007
128A:0007	100	128A:0007..1290:000B
1290:000B	123	1290:000B..1291:0002 1291:0008..1298:000C
1298:000C	118	1298:000C..12A0:0002
12A0:0002	63	12A0:0002..12A4:0001
12A4:0001	139	12A4:0001..12AC:000C
12AC:000C	80	12AC:000C..12B1:000C
12B1:000C	25	12B1:000C..12B3:0005
12B7:000A	86	12B7:000A..12BD:0000
12BD:0000	86	12BD:0000..12C2:0006
12C2:0006	18	12C2:0006..12C3:0008
12C3:0008	14	12C3:0008..12C4:0006
12C4:0006	14	12C4:0006..12C5:0004
12CA:0008	44	12CA:0008..12CD:0004
12CD:0004	44	12CD:0004..12D0:0000
12D0:0000	23	12D0:0000..12D1:0007
12D1:000B	89	12D1:000B..12D6:0005 12D6:0007..12D7:0006
12D7:000A	49	12D7:000A..12DA:000B
12DA:000B	153	12DA:000B..12E4:0004
12E4:0004	41	12E4:0004..12E6:000D
12E6:000D	18	12E6:000D..12E7:000F
12E7:000F	207	12E7:000F..12F4:000E
12F4:000E	157	12F4:000E..12FE:000B
12FE:000B	23	12FE:000B..1300:0002
1300:0002	4	1300:0002..1300:0006
1300:0006	4	1300:0006..1300:000A
1300:000A	4	1300:000A..1300:000E
1300:000E	4	1300:000E..1301:0002
1301:0002	56	1301:0002..1304:000A
1304:000A	52	1304:000A..1307:000E
1307:000E	202	1307:000E..1314:0008
1314:0008	60	1314:0008..1318:0004
1318:0004	85	1318:0004..131D:0009
131D:0009	34	131D:0009..131F:000B
131F:000B	364	131F:000B..1336:0007
1349:0002	28	1349:0002..134A:000E
1350:0006	54	1350:0006..1353:000C
1353:000C	48	1353:000C..1356:000C
137C:0003	33	137C:0003..137E:0004
137E:0004	299	137E:0004..1390:000F
1390:000F	148	1390:000F..139A:0003
139A:0007	194	139A:0007..13A6:0009
13A6:0009	89	13A6:0009..13AC:0002
13AC:0002	382	13AC:0002..13C4:0000
13C4:0000	10	13C4:0000..13C4:000A
13C6:000C	117	13C6:000C..13CE:0001
13CE:0001	17	13CE:0001..13CF:0002
13CF:0002	16	13CF:0002..13D0:0002
13D0:0002	29	13D0:0002..13D1:000F
13D1:000F	40	13D1:000F..13D4:0007
13D4:0007	30	13D4:0007..13D6:0005
13D6:0005	503	13D6:0005..13F5:000C
13F5:000C	83	13F5:000C..13FA:000F
13FA:000F	25	13FA:000F..13FC:0008
13FC:0008	54	13FC:0008..13FF:000E
13FF:000E	43	13FF:000E..1402:0009
1402:0009	25	1402:0009..1404:0002
1404:0002	400	1404:0002..141D:0002
141D:0002	96	141D:0002..1423:0002
1423:0002	233	1423:0002..1429:000B 1460:000C..1468:000C
146E:0004	119	146E:0004..1475:000B
1475:000B	184	1475:000B..1481:0003
1481:0003	203	1481:0003..1489:0001 1489:0003..148E:0000
148E:0000	156	148E:0000..1497:000C
1497:000C	66	1497:000C..149B:000E
149B:000E	43	149B:000E..149E:0009
149E:0009	188	149E:0009..14AA:0005
14AA:0005	209	14AA:0005..14B7:0006
14B7:0006	74	14B7:0006..14BC:0000
14BC:0000	53	14BC:0000..14BF:0005
14BF:0005	28	14BF:0005..14C1:0001
14C1:0001	74	14C1:0001..14C5:000B
14C5:000B	130	14C5:000B..14CD:000D
14CD:000D	128	14CD:000D..14D5:000D
14D5:000D	224	14D5:000D..14E3:000D
14E3:000D	62	14E3:000D..14E7:000B
14E7:000B	120	14E7:000B..14EF:0003
14EF:0003	21	14EF:0003..14F0:0008
14F0:000B	236	14F0:000B..14F7:0006 14F7:0008..14FF:0009
1500:0005	142	1500:0005..1509:0003
1509:0003	112	1509:0003..1510:0003
1510:0003	152	1510:0003..1519:000B
1519:000B	36	1519:000B..151B:000F
151B:000F	36	151B:000F..151E:0003
151E:0003	31	151E:0003..1520:0002
1520:0002	34	1520:0002..1522:0004
1522:0004	82	1522:0004..1527:0006
1527:0006	33	1527:0006..1529:0007
1529:0007	27	1529:0007..152B:0002
152B:0002	18	152B:0002..152C:0004
152C:0004	367	152C:0004..1543:0003
1543:0003	79	1543:0003..1548:0002
1548:0002	88	1548:0002..154D:000A
154D:000A	27	154D:000A..154F:0005
154F:0005	28	154F:0005..1551:0001
1551:0001	399	1551:0001..1557:0005 1557:0008..1561:0001 1561:0004..156A:0006
156A:0006	20	156A:0006..156B:000A
156B:000A	510	156B:000A..1578:0005 1578:0008..1583:0005 1583:0007..158B:000D
158B:000D	220	158B:000D..1599:0009
1599:0009	209	1599:0009..15A6:000A
15A6:000A	29	15A6:000A..15A8:0007
15A8:0007	151	15A8:0007..15B1:000A 15BA:0000..15BA:0004
15BA:0004	89	15BA:0004..15BF:000D
15BF:000D	65	15BF:000D..15C3:0006 15C4:0005..15C4:000D
15C5:000D	195	15C5:000D..15D2:0000
15E5:0003	42	15E5:0003..15E7:000D
15E7:000D	64	15E7:000D..15EB:000D
15EB:000D	34	15EB:000D..15ED:000F
15ED:000F	33	15ED:000F..15F0:0000
15F0:0000	40	15F0:0000..15F2:0008
15F2:0008	11	15F2:0008..15F3:0003
15F3:0003	35	15F3:0003..15F5:0006
15F5:0006	36	15F5:0006..15F7:000A
15F7:000A	63	15F7:000A..15FB:0009
15FB:0009	61	15FB:0009..15FF:0006
15FF:0006	48	15FF:0006..1602:0006
1602:0006	41	1602:0006..1604:000F
1604:000F	69	1604:000F..1609:0004
1609:0004	65	1609:0004..160D:0005
160D:0005	31	160D:0005..160F:0004
160F:0004	36	160F:0004..1611:0008
1611:0008	99	1611:0008..1617:000B
1617:000B	56	1617:000B..161B:0003
161B:0003	49	161B:0003..161E:0004
161E:0004	68	161E:0004..1622:0008
1622:0008	76	1622:0008..1627:0004
1627:0004	73	1627:0004..162B:000D
162B:000D	52	162B:000D..162F:0001
162F:0001	78	162F:0001..1633:000F
1633:000F	110	1633:000F..163A:000D
163A:000D	199	163A:000D..1647:0004
1647:0004	298	1647:0004..1659:000E
1659:000E	516	1659:000E..167A:0002
167A:0002	494	167A:0002..1699:0000
1699:0000	223	1699:0000..16A6:000F
16A6:000F	337	16A6:000F..16BC:0000
16BC:0000	60	16BC:0000..16BF:000C
16BF:000C	3	16BF:000C..16BF:000F
16C3:000C	56	16C3:000C..16C7:0004
16C7:0004	105	16C7:0004..16CD:000D
16CD:000D	139	16CD:000D..16D6:0008
16D6:0008	171	16D6:0008..16E1:0003
16E1:0003	114	16E1:0003..16E8:0005
16E8:0005	256	16E8:0005..16F8:0005
16F8:0005	329	16F8:0005..170C:000E
170C:000E	12	170C:000E..170D:000A
170D:000A	430	170D:000A..1728:0008
1728:0008	12	1728:0008..1729:0004
1729:0004	127	1729:0004..1731:0003
1731:0003	36	1731:0003..1733:0007
1733:0007	43	1733:0007..1736:0002
1736:0002	41	1736:0002..1738:000B
1738:000B	662	1738:000B..1762:0001
1766:0002	173	1766:0002..1770:000F
1770:000F	940	1770:000F..1785:0003 1785:0006..17A9:000F 17AA:0001..17AC:0000
17AC:0000	35	17AC:0000..17AE:0003
17AE:0003	34	17AE:0003..17B0:0005
17B0:0005	195	17B0:0005..17BC:0008
17BC:0008	148	17BC:0008..17C5:000C
17C8:0004	624	17C8:0004..17EF:0004
17EF:0004	128	17EF:0004..17F7:0004
17F7:0004	220	17F7:0004..1805:0000
1805:0000	178	1805:0000..1810:0002
1810:0002	57	1810:0002..1813:000B
1813:000B	171	1813:000B..181E:0006
181E:0006	93	181E:0006..1824:0003
1824:0003	203	1824:0003..1830:000E
1830:000E	23	1830:000E..1832:0005
1832:0005	242	1832:0005..1841:0007
1841:0007	150	1841:0007..184A:000D
184A:000E	94	184A:000E..1850:000C
1850:000C	21	1850:000C..1852:0001
1852:0001	141	1852:0001..185A:000E
185A:000E	73	185A:000E..185F:0007
1863:0006	195	1863:0006..186F:0009
186F:0009	321	186F:0009..1883:000A
1883:000A	211	1883:000A..1890:000D
1892:0001	20	1892:0001..1893:0005
1893:0005	78	1893:0005..1898:0003
1898:0003	18	1898:0003..1899:0005
1899:0005	18	1899:0005..189A:0007
189A:0007	75	189A:0007..189F:0002
189F:0002	39	189F:0002..18A1:0009
18A1:0009	25	18A1:0009..18A3:0002
18A3:0002	163	18A3:0002..18AD:0005
18AD:0005	28	18AD:0005..18AF:0001
18AF:0001	73	18AF:0001..18B3:000A
18B3:000A	43	18B3:000A..18B6:0005
18B6:0005	28	18B6:0005..18B8:0001
18B8:0001	25	18B8:0001..18B9:000A
18B9:000A	65	18B9:000A..18BD:000B
18BD:000B	36	18BD:000B..18BF:000F
18C1:0009	22	18C1:0009..18C2:000F
18C2:000F	25	18C2:000F..18C4:0008
18C4:0008	25	18C4:0008..18C6:0001
18C6:0001	28	18C6:0001..18C7:000D
18C7:000D	28	18C7:000D..18C9:0009
18C9:0009	18	18C9:0009..18CA:000B
18CA:000B	25	18CA:000B..18CC:0004
18CC:0004	25	18CC:0004..18CD:000D
18CD:000D	25	18CD:000D..18CF:0006
18CF:0006	25	18CF:0006..18D0:000F
18D0:000F	25	18D0:000F..18D2:0008
18D2:0008	578	18D2:0008..18E7:000B 18E7:000E..18ED:0001 18ED:0004..18F4:000D 18F5:0000..18F7:0003
18F7:0003	331	18F7:0003..190B:000E
190B:000E	59	190B:000E..190F:0009
190F:0009	458	190F:0009..192C:0003
192C:0003	234	192C:0003..193A:0005 19A1:0002..19A1:0007 1C28:000A..1C28:000D
1A29:000C	182	1A24:000B..1A29:000A 1A29:000C..1A30:0003
1A62:0008	113	1A62:0008..1A69:0009
1A76:0007	191	1A76:0007..1A82:0006
1A82:0006	147	1A82:0006..1A8B:0009
1A8B:0009	291	1A8B:0009..1A9D:000C
1A9E:0002	1062	1A9E:0002..1AE0:0008
1AE0:0008	63	1AE0:0008..1AE4:0007
1AE4:0007	62	1AE4:0007..1AE8:0005
1B18:0006	122	1B18:0006..1B20:0000
1B20:0000	132	1B20:0000..1B23:0003 1B24:000F..1B25:0005 1B77:0008..1B7C:0003
1B80:0007	158	1B80:0007..1B8A:0005
1B8A:0005	162	1B8A:0005..1B94:0007
1B94:0007	28	1B94:0007..1B95:000F 1B97:000E..1B98:0002
1BA5:0001	352	1BA5:0001..1BAC:0003 1BAE:000D..1BB0:0001 1BC2:0005..1BC6:0001 1FA5:0006..1FAF:0004
1C6C:0003	452	1C6C:0003..1C88:0007
1C88:0007	1363	1C88:0007..1C95:000D 1CBB:000A..1D03:0007
1D04:000F	671	1D04:000F..1D18:000E 1D75:000D..1D8B:000D
1E88:0003	387	1E88:0003..1EA0:0006
1EA0:0006	1216	1EA0:0006..1EC8:000A 1EC9:000E..1EED:000A
1EED:000A	185	1EED:000A..1EF9:0003
1EF9:0003	124	1EF9:0003..1F00:000F
1F00:000F	245	1F00:000F..1F0D:000F 1F82:000D..1F85:0002
1F87:0004	208	1F87:0004..1F94:0004
2011:000D	49	2011:000D..2014:000E
2019:0009	76	2019:0009..201E:0005
2022:0000	9	2022:0000..2022:0009
2033:0004	60	2033:0004..2037:0000
20B2:000B	1043	20B2:000B..20F3:000E
20F3:000E	99	20F3:000E..20FA:0001
20FA:0001	103	20FA:0001..2100:0008
2100:0008	168	2100:0008..210B:0000
210B:0000	114	210B:0000..2112:0002
2112:0002	132	2112:0002..211A:0006
211A:0006	542	211A:0006..2139:0003 2139:0006..213C:0007
213C:0007	82	213C:0007..2141:0009
2141:0009	72	2141:0009..2146:0001
2146:0001	195	2146:0001..2152:0004
2152:0004	195	2152:0004..215E:0007
215E:0007	75	215E:0007..2163:0002
2181:000C	34	2181:000C..2183:000E
2183:000E	198	2183:000E..218A:0001 21C4:000D..21CB:0000
21D0:0004	193	21D0:0004..21D7:0006 21F7:0007..21FC:0006
220F:000E	40	220F:000E..2212:0006
2212:0006	58	2212:0006..2216:0000
2216:0000	147	2216:0000..221F:0003
221F:0003	770	221F:0003..2235:000D 2239:0003..2252:000B
2254:000F	51	2254:000F..2257:000A 226A:0009..226B:0001
226F:0009	29	226F:0009..2271:0006
2271:0006	35	2271:0006..2273:0009
2273:0009	665	2273:0009..229D:0002
229D:0002	125	229D:0002..22A4:000F
22A4:000F	39	22A4:000F..22A7:0006
22A7:0006	171	22A7:0006..22B2:0001
22B2:0001	555	22B2:0001..22D4:000C
22D4:000C	1211	22D4:000C..22E2:000B 22F2:0005..2315:0008 2320:0002..232E:0005 235A:0000..235A:000D 235C:0000..235D:0001 235E:000E..2363:000D 29A9:0005..29AE:000E
2331:0005	308	21E1:0003..21E1:0006 2261:0005..2261:0008 2331:0005..233F:0009 236F:000E..2374:0008
2375:0006	1	2375:0006..2375:0007
2375:0007	1	2375:0007..2375:0008
2375:0008	1	2375:0008..2375:0009
2375:0009	1	2375:0009..2375:000A
2375:000A	1	2375:000A..2375:000B
2375:000B	1	2375:000B..2375:000C
2375:000C	1	2375:000C..2375:000D
2375:000D	1	2375:000D..2375:000E
2375:000E	1	2375:000E..2375:000F
2375:000F	1	2375:000F..2376:0000
2376:0000	1	2376:0000..2376:0001
2376:0001	1	2376:0001..2376:0002
2376:0002	5	2376:0002..2376:0007
2376:0007	8	2376:0007..2376:000F
2377:0000	7661	2377:0000..2555:000D
2555:000D	85	2555:000D..255B:0002
255B:0002	685	255B:0002..2585:000F
2585:000F	135	2585:000F..258E:0006
258E:0006	279	258E:0006..259F:000D
259F:000D	326	259F:000D..25B4:0003
25B4:0003	60	25B4:0003..25B7:000F
25B7:000F	186	25B7:000F..25C3:0009
25C3:0009	194	25C3:0009..25CF:000B
25CF:000B	203	25CF:000B..25DC:0006
25DC:0006	240	25DC:0006..25EB:0006
25EB:0006	269	25EB:0006..25FC:0003
25FC:0003	129	25FC:0003..2604:0004
2604:0004	320	2604:0004..2618:0004
2618:0004	338	2618:0004..262D:0006
262D:0006	250	262D:0006..263D:0000
263D:0000	184	263D:0000..2648:0008
2648:0008	234	2648:0008..2657:0002
2657:0002	46	2657:0002..265A:0000
265A:0000	562	265A:0000..267D:0002
267D:0002	101	267D:0002..2683:0007
2683:0007	76	2683:0007..2688:0003
2688:0003	57	2688:0003..268B:000C
268B:000C	203	268B:000C..2698:0007
2698:0007	274	2698:0007..26A9:0009
26A9:0009	144	26A9:0009..26B2:0009
26B2:0009	107	26B2:0009..26B7:000C 26CC:0002..26CD:000A
26CF:000A	161	26CF:000A..26D4:0005 2700:0006..2705:000C
2707:000C	146	2707:000C..2710:000E
2710:000E	459	2710:000E..272D:0009
272D:0009	75	272D:0009..2732:0004
2732:0004	93	2732:0004..2738:0001
2738:0001	95	2738:0001..273E:0000
273E:0000	95	273E:0000..2743:000F
2743:000F	150	2743:000F..274D:0005
274D:0005	430	274D:0005..2768:0003
2768:0003	316	2768:0003..277B:000F
277B:000F	89	277B:000F..2781:0008
2781:0008	68	2781:0008..2785:000C
2785:000C	91	2785:000C..278B:0007
278B:0007	91	278B:0007..2791:0002
2791:0002	147	2791:0002..279A:0005
279A:0005	64	279A:0005..279E:0005
279E:0005	73	279E:0005..27A2:000E
27A2:000E	266	27A2:000E..27B3:0008
27B3:0008	120	27B3:0008..27BB:0000
27BB:0000	120	27BB:0000..27C2:0008
27C2:0008	314	27C2:0008..27D6:0002
27D6:0002	234	27D6:0002..27E4:000C
27E4:000C	331	27E4:000C..27F9:0007
27F9:0007	389	27F9:0007..2811:000C
2811:000C	145	2811:000C..281A:000D
281A:000D	23	281A:000D..281C:0004
281C:0004	40	281C:0004..281E:000C
281E:000C	234	281E:000C..282D:0006
282D:0006	490	282D:0006..2843:0009 284D:0006..2855:000D
2865:000B	759	2865:000B..2895:0002
2895:0002	546	2895:0002..28B7:0004
28B7:0004	805	28B7:0004..28D1:0002 28E4:0007..28FC:000E
28FC:000E	54	28FC:000E..2900:0004
2900:0004	145	2900:0004..2909:0005
2909:0005	365	2909:0005..2920:0002
2920:0002	118	2920:0002..2927:0008
292A:000C	470	292A:000C..2948:0002
2948:0002	103	2948:0002..294E:0009
294E:0009	103	294E:0009..2955:0000
2955:0000	103	2955:0000..295B:0007
295B:0007	103	295B:0007..2961:000E
2961:000E	103	2961:000E..2968:0005
2968:0005	127	2968:0005..2970:0004
2970:0004	103	2970:0004..2976:000B
2976:000B	103	2976:000B..297D:0002
297D:0002	103	297D:0002..2983:0009
2983:0009	103	2983:0009..298A:0000
298A:0000	103	298A:0000..2990:0007
2990:0007	103	2990:0007..2996:000E
2996:000E	103	2996:000E..299D:0005
299D:0005	131	299D:0005..29A5:0008
29A5:0008	59	29A5:0008..29A9:0003
29AE:000E	150	29AE:000E..29B8:0004
29B8:0004	15	29B8:0004..29B9:0003
29BC:0008	94	29BC:0008..29C2:0006
29C2:0006	211	29C2:0006..29CF:0009
29CF:0009	254	29CF:0009..29DF:0007
29DF:0007	100	29DF:0007..29E5:000B
29E5:000B	141	29E5:000B..29EE:0008
29EE:0008	521	29EE:0008..2A0F:0001
2A0F:0001	259	2A0F:0001..2A1A:0003 2A1A:0005..2A1F:0006
2A1F:0006	4274	2A1F:0006..2A7B:000D 2A7C:0000..2A92:000B 2A92:000E..2AB5:0002 2AB5:0005..2B2B:0001
2B2B:0001	230	2B2B:0001..2B39:0007
2B39:0007	1136	2B39:0007..2B80:0007
2B80:0007	73	2B80:0007..2B85:0000
2B85:0000	230	2B85:0000..2B93:0006
2B93:0006	17	2B93:0006..2B94:0007
2B94:0007	32	2B94:0007..2B96:0007
2B96:0007	798	2B96:0007..2BC8:0005
2BC8:0005	53	2BC8:0005..2BCB:000A
2BCB:000A	1204	2BCB:000A..2C02:000E 2C03:0001..2C17:0001
2C17:0001	398	2C17:0001..2C2F:000F
2C2F:000F	2294	2C2F:000F..2C65:000C 2C65:000F..2CBF:0008
2CBF:0008	907	2CBF:0008..2CF8:0003
2CF8:0003	763	2CF8:0003..2D27:000E
2D27:000E	376	2D27:000E..2D3F:0006
2D3F:0006	61	2D3F:0006..2D43:0003
2D43:0003	1474	2D43:0003..2D97:0005 2D97:0006..2D9F:0006
2D9F:0006	55	2D9F:0006..2DA2:000D
2DA2:000D	406	2DA2:000D..2DBC:0003
2DBC:0003	50	2DBC:0003..2DBF:0005
2DBF:0005	134	2DBF:0005..2DC7:000B
2DC7:000B	240	2DC7:000B..2DD6:000B
2DD6:000B	50	2DD6:000B..2DD9:000D
2DD9:000D	24	2DD9:000D..2DDB:0005
2DDB:0005	168	2DDB:0005..2DE5:000D
2DE5:000D	78	2DE5:000D..2DEA:000B
2DEA:000B	78	2DEA:000B..2DEF:0009
2DEF:0009	48	2DEF:0009..2DF2:0009
2DF2:0009	200	2DF2:0009..2DFF:0001
2DFF:0001	537	2DFF:0001..2E20:000A
2E20:000A	797	2E20:000A..2E52:0007
2E52:0007	432	2E52:0007..2E6D:0007
2E6D:0007	403	2E6D:0007..2E86:000A
2E86:000A	145	2E86:000A..2E8F:000B
2E8F:000B	136	2E8F:000B..2E98:0003
2E98:0003	381	2E98:0003..2EB0:0000
2EB0:0000	102	2EB0:0000..2EB6:0006
2EB6:0006	41	2EB6:0006..2EB8:000F
2EB8:000F	175	2EB8:000F..2EC3:000E
2EC3:000E	58	2EC3:000E..2EC7:0008
2EC7:0008	198	2EC7:0008..2ED3:000E
2ED3:000E	8	2ED3:000E..2ED4:0006
2ED4:0006	8	2ED4:0006..2ED4:000E
2ED4:000E	25	2ED4:000E..2ED6:0007
2ED6:0007	87	2ED6:0007..2EDB:000E
2EDB:000E	424	2EDB:000E..2EF6:0006
2EF6:0006	332	2EF6:0006..2F0B:0002
2F0B:0002	26	2F0B:0002..2F0C:000C
2F0C:000C	500	2F0C:000C..2F2C:0000
2F2C:0000	553	2F2C:0000..2F4E:0009
2F4E:0009	128	2F4E:0009..2F56:0009
2F56:0009	69	2F56:0009..2F5A:000E
2F5A:000E	41	2F5A:000E..2F5D:0007
2F5D:0007	70	2F5D:0007..2F61:000D
2F61:000D	66	2F61:000D..2F65:000F
2F65:000F	120	2F65:000F..2F6D:0007
2F6D:0007	36	2F6D:0007..2F6F:000B
2F6F:000B	36	2F6F:000B..2F71:000F
2F71:000F	208	2F71:000F..2F7E:000F
2F7E:000F	117	2F7E:000F..2F86:0004
2F86:0004	58	2F86:0004..2F89:000E
2F89:000E	528	2F89:000E..2FAA:000E
2FAA:000E	285	2FAA:000E..2FBC:000B
2FBC:000B	443	2FBC:000B..2FD8:0006
2FD8:0006	283	2FD8:0006..2FEA:0001
2FEA:0001	62	2FEA:0001..2FED:000F
2FED:000F	74	2FED:000F..2FF2:0009
2FF2:0009	47	2FF2:0009..2FF5:0008
2FF5:0008	222	2FF5:0008..3003:0006
3003:0006	355	3003:0006..3019:0009
3019:0009	135	3019:0009..3022:0000
3022:0000	213	3022:0000..302F:0005
302F:0005	168	302F:0005..3039:000D
3039:000D	163	3039:000D..3044:0000
3044:0000	178	3044:0000..304F:0002
304F:0002	104	304F:0002..3055:000A
3055:000A	83	3055:000A..305A:000D
305A:000D	64	305A:000D..305E:000D
305E:000D	208	305E:000D..306B:000D
306B:000D	87	306B:000D..3070:0001 3079:0007..307A:000A
307A:000A	251	307A:000A..308A:0005
308A:0005	65	308A:0005..308E:0006
30A1:0008	2155	30A1:0008..30E2:0002 30E2:0005..3128:0006
3128:0006	508	3128:0006..3148:0002
3148:0002	258	3148:0002..3158:0004
3158:0004	5	3158:0004..3158:0009
3158:0009	1242	3158:0009..31A6:0003
31A6:0003	151	31A6:0003..31AF:000A
31AF:000A	59	31AF:000A..31B3:0005
31B3:0005	128	31B3:0005..31BB:0005
31BB:0005	139	31BB:0005..31C4:0000
31C4:0000	1128	31C4:0000..320A:0008
320A:0008	930	320A:0008..3244:000A
3244:000A	3077	3244:000A..3304:000F
3304:000F	203	3304:000F..3311:000A
3311:000A	704	3311:000A..333D:000A
333D:000A	1162	333D:000A..3359:0002 3359:0005..3386:0007
3386:0007	660	3386:0007..33AF:000B
33AF:000B	968	33AF:000B..33EC:0003
33EC:0003	616	33EC:0003..3412:000B
3412:000B	93	3412:000B..3418:0008
3418:0008	1110	3418:0008..342B:0009 3442:000B..3475:0000
3480:0002	1159	3480:0002..34C8:0009
34C8:0009	239	34C8:0009..34D7:0008
34D7:0008	71	34D7:0008..34DB:000F
34DB:000F	124	34DB:000F..34E3:000B
34E7:0006	5	34E7:0006..34E7:000B
34E8:0001	99	34E8:0001..34EE:0004
34EE:0004	294	34EE:0004..3500:000A
3500:000A	758	3500:000A..351B:0000 351B:0003..352B:0000 352B:0002..352D:0009 352F:000F..3530:0006 354A:000F..354C:0002 354E:0005..354F:0007
3552:0007	1849	3552:0007..3555:0005 355D:000D..355E:0002 39A0:0002..3A10:0008
355F:0000	65	355F:0000..3563:0001
3563:0001	28	3563:0001..3564:000D
3564:000D	669	3564:000D..3574:000B 3574:000E..358E:000D
358E:000D	356	358E:000D..3595:0005 3595:0008..35A5:0004
35A5:0004	60	35A5:0004..35A9:0000
35A9:0000	108	35A9:0000..35AF:000C
35AF:000C	59	35AF:000C..35B3:0007
35B3:0007	60	35B3:0007..35B7:0003
35B7:0003	75	35B7:0003..35BB:000E
35BB:000E	75	35BB:000E..35C0:0009
35C0:0009	61	35C0:0009..35C4:0006
35C4:000C	514	35C4:000C..35E4:000E
35E4:000E	65	35E4:000E..35E8:000F
35E8:000F	122	35E8:000F..35F0:0009
35F0:0009	57	35F0:0009..35F4:0002
35F4:0002	4	35F4:0002..35F4:0006
35F4:0006	4	35F4:0006..35F4:000A
35F4:000A	25	35F4:000A..35F6:0003
35F6:0003	25	35F6:0003..35F7:000C
35F7:000C	825	35F7:000C..362B:0005
362B:0005	48	362B:0005..362E:0005
362E:0005	38	362E:0005..3630:000B
3630:000B	38	3630:000B..3633:0001
3633:0001	249	3633:0001..3642:000A
3642:000A	123	3642:000A..364A:0005
364A:0005	177	364A:0005..3655:0006
3655:0006	180	3655:0006..3660:000A
3660:000A	393	3660:000A..3679:0003
3679:0003	161	3679:0003..3683:0004
3683:0004	163	3683:0004..368D:0007
368D:0007	161	368D:0007..3697:0008
3697:0008	127	3697:0008..369F:0007
369F:0007	40	369F:0007..36A1:000F
36A1:000F	617	36A1:000F..36C8:0008
36C8:0008	48	36C8:0008..36CB:0008
36CB:0008	99	36CB:0008..36D1:000B
36D1:000B	145	36D1:000B..36DA:000C
36DA:000C	53	36DA:000C..36DE:0001
36DE:0001	54	36DE:0001..36E1:0007
36E1:0007	53	36E1:0007..36E4:000C
36E4:000C	43	36E4:000C..36E7:0007
36E7:0007	32	36E7:0007..36E9:0007
36E9:0007	63	36E9:0007..36ED:0006
36ED:0006	11	36ED:0006..36EE:0001
36EE:0001	46	36EE:0001..36F0:000F
36F0:000F	24	36F0:000F..36F2:0007
36F2:0007	10	36F2:0007..36F3:0001
36F3:0001	19	36F3:0001..36F4:0004
36F4:0004	70	36F4:0004..36F8:000A
36F8:000A	59	36F8:000A..36FC:0005
36FC:0005	41	36FC:0005..36FE:000E
36FE:000E	1262	36FE:000E..374D:000C
374D:000C	562	374D:000C..3750:0002 375C:0007..377D:0003
377D:000F	91	377D:000F..3783:000A
3783:000A	11	3783:000A..3784:0005
3784:0005	193	3784:0005..3790:0006
3790:0006	113	3790:0006..3797:0007
3797:0007	3320	3797:0007..37AE:0003 37B2:0008..37B8:0009 3833:0000..3864:000F 3A10:0008..3A55:0002 3A56:000D..3A6A:000F 3A6D:0000..3A78:0009 3A7B:0005..3A82:0005 3A85:0002..3A93:000D 3FA7:0006..3FA9:000A 3FF0:0008..3FF2:000C 3FFF:000C..4002:0000
37BA:0001	352	37BA:0001..37D0:0001
37D0:0001	270	37D0:0001..37E0:000F
37E1:0000	111	37E1:0000..37E7:000F
37E7:000F	107	37E7:000F..37EE:000A
3FF6:0002	34	3FF6:0002..3FF8:0004
