start	size
CD:CONQUER.EXE+0x00010030	138
CD:CONQUER.EXE+0x000101D4	20
CD:CONQUER.EXE+0x00010244	541
CD:CONQUER.EXE+0x00010464	16
CD:CONQUER.EXE+0x000106C0	76
CD:CONQUER.EXE+0x0001070C	64
CD:CONQUER.EXE+0x0001074C	607
CD:CONQUER.EXE+0x000110E8	408
CD:CONQUER.EXE+0x00011280	157
CD:CONQUER.EXE+0x0001146C	134
CD:CONQUER.EXE+0x000114F4	16
CD:CONQUER.EXE+0x00011504	47
CD:CONQUER.EXE+0x00011534	6
CD:CONQUER.EXE+0x00011554	549
CD:CONQUER.EXE+0x0001177A	1329
CD:CONQUER.EXE+0x00011CAC	19
CD:CONQUER.EXE+0x00011CC0	547
CD:CONQUER.EXE+0x000120E4	413
CD:CONQUER.EXE+0x00012A4C	158
CD:CONQUER.EXE+0x00012AEC	180
CD:CONQUER.EXE+0x00012BA0	265
CD:CONQUER.EXE+0x00012DD0	343
CD:CONQUER.EXE+0x00012F28	442
CD:CONQUER.EXE+0x000130E4	130
CD:CONQUER.EXE+0x0001316A	949
CD:CONQUER.EXE+0x00013520	1997
CD:CONQUER.EXE+0x00013CF0	55
CD:CONQUER.EXE+0x00013D28	717
CD:CONQUER.EXE+0x00013FF8	95
CD:CONQUER.EXE+0x00014058	37
CD:CONQUER.EXE+0x00014080	41
CD:CONQUER.EXE+0x000146B0	77
CD:CONQUER.EXE+0x00014700	36
CD:CONQUER.EXE+0x00015920	384
CD:CONQUER.EXE+0x00015AA0	221
CD:CONQUER.EXE+0x00015EAC	15
CD:CONQUER.EXE+0x00015EF0	26
CD:CONQUER.EXE+0x00015F0C	123
CD:CONQUER.EXE+0x00015F98	18
CD:CONQUER.EXE+0x00015FAC	22
CD:CONQUER.EXE+0x00015FDC	9
CD:CONQUER.EXE+0x00015FF8	16
CD:CONQUER.EXE+0x00016008	112
CD:CONQUER.EXE+0x00016078	172
CD:CONQUER.EXE+0x00016124	380
CD:CONQUER.EXE+0x00017D10	160
CD:CONQUER.EXE+0x00017DB0	14
CD:CONQUER.EXE+0x00017DC0	53
CD:CONQUER.EXE+0x00018080	191
CD:CONQUER.EXE+0x000181E8	171
CD:CONQUER.EXE+0x00018294	158
CD:CONQUER.EXE+0x00018334	94
CD:CONQUER.EXE+0x000183E8	54
CD:CONQUER.EXE+0x00018420	9
CD:CONQUER.EXE+0x00018430	620
CD:CONQUER.EXE+0x0001869C	431
CD:CONQUER.EXE+0x00018850	701
CD:CONQUER.EXE+0x0001A3B8	1378
CD:CONQUER.EXE+0x0001A91C	634
CD:CONQUER.EXE+0x0001AC38	177
CD:CONQUER.EXE+0x0001ACEC	170
CD:CONQUER.EXE+0x0001AE24	24
CD:CONQUER.EXE+0x0001AE94	6
CD:CONQUER.EXE+0x0001B184	201
CD:CONQUER.EXE+0x0001B250	50
CD:CONQUER.EXE+0x0001B284	16
CD:CONQUER.EXE+0x0001B294	278
CD:CONQUER.EXE+0x0001B3AC	470
CD:CONQUER.EXE+0x0001B584	1495
CD:CONQUER.EXE+0x0001BB5C	177
CD:CONQUER.EXE+0x0001BC70	361
CD:CONQUER.EXE+0x0001BDDC	374
CD:CONQUER.EXE+0x0001BF54	1132
CD:CONQUER.EXE+0x0001C410	1320
CD:CONQUER.EXE+0x0001C938	55
CD:CONQUER.EXE+0x0001C970	364
CD:CONQUER.EXE+0x0001CADC	95
CD:CONQUER.EXE+0x0001CB3C	37
CD:CONQUER.EXE+0x0001CB64	41
CD:CONQUER.EXE+0x0001F688	86
CD:CONQUER.EXE+0x0001FD0C	18
CD:CONQUER.EXE+0x0002145C	534
CD:CONQUER.EXE+0x00021BB4	332
CD:CONQUER.EXE+0x00021DA4	52
CD:CONQUER.EXE+0x00021E28	93
CD:CONQUER.EXE+0x00021E88	99
CD:CONQUER.EXE+0x00022564	42
CD:CONQUER.EXE+0x0002268C	433
CD:CONQUER.EXE+0x000243E4	641
CD:CONQUER.EXE+0x00024C20	22
CD:CONQUER.EXE+0x00024C38	20
CD:CONQUER.EXE+0x00024C4C	81
CD:CONQUER.EXE+0x00024CA0	114
CD:CONQUER.EXE+0x00024D14	64
CD:CONQUER.EXE+0x00024D54	99
CD:CONQUER.EXE+0x00024DB8	148
CD:CONQUER.EXE+0x00024E4C	285
CD:CONQUER.EXE+0x00025004	1689
CD:CONQUER.EXE+0x000256A0	61
CD:CONQUER.EXE+0x000256FC	448
CD:CONQUER.EXE+0x000258FC	3068
CD:CONQUER.EXE+0x000264F8	1657
CD:CONQUER.EXE+0x00026B88	6163
CD:CONQUER.EXE+0x00028408	1474
CD:CONQUER.EXE+0x00028A48	141
CD:CONQUER.EXE+0x00028AD8	218
CD:CONQUER.EXE+0x00028BB4	113
CD:CONQUER.EXE+0x00028C38	2150
CD:CONQUER.EXE+0x0002964C	101
CD:CONQUER.EXE+0x000296B4	236
CD:CONQUER.EXE+0x000297A0	363
CD:CONQUER.EXE+0x0002990C	91
CD:CONQUER.EXE+0x00029968	117
CD:CONQUER.EXE+0x000299E0	81
CD:CONQUER.EXE+0x00029A40	501
CD:CONQUER.EXE+0x00029C38	36
CD:CONQUER.EXE+0x00029D24	185
CD:CONQUER.EXE+0x00029DE0	117
CD:CONQUER.EXE+0x00029E58	37
CD:CONQUER.EXE+0x00029E80	41
CD:CONQUER.EXE+0x00029EF0	32
CD:CONQUER.EXE+0x00029F5C	18
CD:CONQUER.EXE+0x00029F70	22
CD:CONQUER.EXE+0x00029FC8	43
CD:CONQUER.EXE+0x00029FF4	427
CD:CONQUER.EXE+0x0002A1A0	20
CD:CONQUER.EXE+0x0002A1B4	203
CD:CONQUER.EXE+0x0002A290	1695
CD:CONQUER.EXE+0x0002AA54	433
CD:CONQUER.EXE+0x0002AC08	339
CD:CONQUER.EXE+0x0002AD5C	770
CD:CONQUER.EXE+0x0002B060	396
CD:CONQUER.EXE+0x0002B1EC	259
CD:CONQUER.EXE+0x0002B2F0	130
CD:CONQUER.EXE+0x0002B374	108
CD:CONQUER.EXE+0x0002BF24	445
CD:CONQUER.EXE+0x0002C0E4	237
CD:CONQUER.EXE+0x0002C20C	9
CD:CONQUER.EXE+0x0002C218	30
CD:CONQUER.EXE+0x0002C250	50
CD:CONQUER.EXE+0x0002C314	54
CD:CONQUER.EXE+0x0002C34C	86
CD:CONQUER.EXE+0x0002C3A4	2351
CD:CONQUER.EXE+0x0002CCD4	810
CD:CONQUER.EXE+0x0002D464	22
CD:CONQUER.EXE+0x0002D47C	26
CD:CONQUER.EXE+0x0002D500	19
CD:CONQUER.EXE+0x0002D52C	19
CD:CONQUER.EXE+0x0002D540	23
CD:CONQUER.EXE+0x0002D558	19
CD:CONQUER.EXE+0x0002D56C	16
CD:CONQUER.EXE+0x0002D57C	19
CD:CONQUER.EXE+0x0002D590	23
CD:CONQUER.EXE+0x0002D5A8	19
CD:CONQUER.EXE+0x0002D5BC	23
CD:CONQUER.EXE+0x0002D5F4	19
CD:CONQUER.EXE+0x0002D608	23
CD:CONQUER.EXE+0x0002D620	49
CD:CONQUER.EXE+0x0002D654	32
CD:CONQUER.EXE+0x0002D674	43
CD:CONQUER.EXE+0x0002D6A0	29
CD:CONQUER.EXE+0x0002D6C0	77
CD:CONQUER.EXE+0x0002D73C	51
CD:CONQUER.EXE+0x0002D79C	3
CD:CONQUER.EXE+0x0002D7A0	64
CD:CONQUER.EXE+0x0002D7E0	94
CD:CONQUER.EXE+0x0002D840	64
CD:CONQUER.EXE+0x0002D880	153
CD:CONQUER.EXE+0x0002D91C	64
CD:CONQUER.EXE+0x0002D95C	75
CD:CONQUER.EXE+0x0002D9A8	64
CD:CONQUER.EXE+0x0002D9E8	94
CD:CONQUER.EXE+0x0002DA48	446
CD:CONQUER.EXE+0x0002DC08	308
CD:CONQUER.EXE+0x0002DD3C	87
CD:CONQUER.EXE+0x0002DD94	102
CD:CONQUER.EXE+0x0002DDFC	100
CD:CONQUER.EXE+0x0002DE60	74
CD:CONQUER.EXE+0x0002DEAC	676
CD:CONQUER.EXE+0x0002E150	613
CD:CONQUER.EXE+0x0002E3B8	462
CD:CONQUER.EXE+0x0002E588	158
CD:CONQUER.EXE+0x0002E628	2403
CD:CONQUER.EXE+0x0002EF8C	52
CD:CONQUER.EXE+0x0002EFC0	52
CD:CONQUER.EXE+0x0002EFF4	63
CD:CONQUER.EXE+0x0002F034	63
CD:CONQUER.EXE+0x0002F074	58
CD:CONQUER.EXE+0x0002F0B0	58
CD:CONQUER.EXE+0x0002F0EC	52
CD:CONQUER.EXE+0x0002F120	52
CD:CONQUER.EXE+0x0002F154	52
CD:CONQUER.EXE+0x0002F188	52
CD:CONQUER.EXE+0x0002F1BC	52
CD:CONQUER.EXE+0x0002F1F0	31
CD:CONQUER.EXE+0x0002F210	31
CD:CONQUER.EXE+0x0002F230	31
CD:CONQUER.EXE+0x0002F250	31
CD:CONQUER.EXE+0x0002F270	31
CD:CONQUER.EXE+0x0002F290	31
CD:CONQUER.EXE+0x0002F2B0	31
CD:CONQUER.EXE+0x0002F304	149
CD:CONQUER.EXE+0x0002F41C	26
CD:CONQUER.EXE+0x0002F46C	63
CD:CONQUER.EXE+0x0002F4AC	63
CD:CONQUER.EXE+0x0002F4EC	63
CD:CONQUER.EXE+0x0002F52C	41
CD:CONQUER.EXE+0x0002F558	41
CD:CONQUER.EXE+0x0002F584	41
CD:CONQUER.EXE+0x0002F5B0	41
CD:CONQUER.EXE+0x0002F5DC	41
CD:CONQUER.EXE+0x0002F608	41
CD:CONQUER.EXE+0x0002F634	41
CD:CONQUER.EXE+0x0002F660	41
CD:CONQUER.EXE+0x0002F68C	41
CD:CONQUER.EXE+0x0002F6EC	161
CD:CONQUER.EXE+0x0002F790	58
CD:CONQUER.EXE+0x0002F7CC	58
CD:CONQUER.EXE+0x0002F808	58
CD:CONQUER.EXE+0x0002F844	36
CD:CONQUER.EXE+0x0002F868	36
CD:CONQUER.EXE+0x0002F88C	36
CD:CONQUER.EXE+0x0002F8B0	36
CD:CONQUER.EXE+0x0002F8D4	36
CD:CONQUER.EXE+0x0002F8F8	36
CD:CONQUER.EXE+0x0002F91C	36
CD:CONQUER.EXE+0x0002F940	36
CD:CONQUER.EXE+0x0002F964	36
CD:CONQUER.EXE+0x0002F9A0	25
CD:CONQUER.EXE+0x0002F9BC	156
CD:CONQUER.EXE+0x0002FA58	52
CD:CONQUER.EXE+0x0002FA8C	52
CD:CONQUER.EXE+0x0002FAC0	52
CD:CONQUER.EXE+0x0002FAF4	31
CD:CONQUER.EXE+0x0002FB14	31
CD:CONQUER.EXE+0x0002FB34	31
CD:CONQUER.EXE+0x0002FB54	31
CD:CONQUER.EXE+0x0002FB74	31
CD:CONQUER.EXE+0x0002FB94	31
CD:CONQUER.EXE+0x0002FBB4	31
CD:CONQUER.EXE+0x0002FBD4	149
CD:CONQUER.EXE+0x0002FC70	60
CD:CONQUER.EXE+0x0002FCB0	61
CD:CONQUER.EXE+0x0002FCF0	495
CD:CONQUER.EXE+0x00030084	55
CD:CONQUER.EXE+0x000300BC	55
CD:CONQUER.EXE+0x00030100	416
CD:CONQUER.EXE+0x000309D0	925
CD:CONQUER.EXE+0x00030D70	55
CD:CONQUER.EXE+0x00030DA8	356
CD:CONQUER.EXE+0x00030F0C	95
CD:CONQUER.EXE+0x00030F6C	37
CD:CONQUER.EXE+0x00030F94	41
CD:CONQUER.EXE+0x00031178	27
CD:CONQUER.EXE+0x00031240	49
CD:CONQUER.EXE+0x000312B8	1836
CD:CONQUER.EXE+0x00031A54	2
CD:CONQUER.EXE+0x00031A56	302
CD:CONQUER.EXE+0x00031B84	633
CD:CONQUER.EXE+0x00032814	226
CD:CONQUER.EXE+0x00034F20	1420
CD:CONQUER.EXE+0x000356A4	465
CD:CONQUER.EXE+0x00035878	31
CD:CONQUER.EXE+0x00035898	31
CD:CONQUER.EXE+0x000358B8	33
CD:CONQUER.EXE+0x000358FC	31
CD:CONQUER.EXE+0x00035924	822
CD:CONQUER.EXE+0x000384E0	181
CD:CONQUER.EXE+0x00038598	28
CD:CONQUER.EXE+0x0003866C	9
CD:CONQUER.EXE+0x00038678	9
CD:CONQUER.EXE+0x00038684	9
CD:CONQUER.EXE+0x00038690	13
CD:CONQUER.EXE+0x000386A0	13
CD:CONQUER.EXE+0x000386B0	27
CD:CONQUER.EXE+0x000386CC	9
CD:CONQUER.EXE+0x00038708	172
CD:CONQUER.EXE+0x000388BC	461
CD:CONQUER.EXE+0x00038A8C	177
CD:CONQUER.EXE+0x00039428	920
CD:CONQUER.EXE+0x00039900	1164
CD:CONQUER.EXE+0x00039D8C	2224
CD:CONQUER.EXE+0x0003A63C	100
CD:CONQUER.EXE+0x0003A6A0	151
CD:CONQUER.EXE+0x0003AFB4	303
CD:CONQUER.EXE+0x0003B0E6	2195
CD:CONQUER.EXE+0x0003C420	19
CD:CONQUER.EXE+0x0003C434	129
CD:CONQUER.EXE+0x0003C4B8	175
CD:CONQUER.EXE+0x0003C568	132
CD:CONQUER.EXE+0x0003C5EC	238
CD:CONQUER.EXE+0x0003C6E0	138
CD:CONQUER.EXE+0x0003C770	547
CD:CONQUER.EXE+0x0003C9A0	50
CD:CONQUER.EXE+0x0003C9E0	85
CD:CONQUER.EXE+0x0003CC24	411
CD:CONQUER.EXE+0x0003CED8	220
CD:CONQUER.EXE+0x0003D07C	282
CD:CONQUER.EXE+0x0003E660	108
CD:CONQUER.EXE+0x0003E6CC	60
CD:CONQUER.EXE+0x0003E708	33
CD:CONQUER.EXE+0x0003E72C	30
CD:CONQUER.EXE+0x0003E74C	51
CD:CONQUER.EXE+0x0003E7E4	161
CD:CONQUER.EXE+0x0003E894	105
CD:CONQUER.EXE+0x0003E928	60
CD:CONQUER.EXE+0x0003E964	17
CD:CONQUER.EXE+0x0003E994	26
CD:CONQUER.EXE+0x0003E9B0	18
CD:CONQUER.EXE+0x0003E9C4	31
CD:CONQUER.EXE+0x0003EA08	144
CD:CONQUER.EXE+0x0003EAF0	90
CD:CONQUER.EXE+0x0003EB4C	101
CD:CONQUER.EXE+0x0003EC4C	357
CD:CONQUER.EXE+0x0003EE18	6
CD:CONQUER.EXE+0x0003EE50	584
CD:CONQUER.EXE+0x0003F0A0	371
CD:CONQUER.EXE+0x0003F268	438
CD:CONQUER.EXE+0x0003F91C	524
CD:CONQUER.EXE+0x0003FB28	50
CD:CONQUER.EXE+0x0003FB5C	16
CD:CONQUER.EXE+0x0003FB6C	314
CD:CONQUER.EXE+0x0003FCA8	3105
CD:CONQUER.EXE+0x000408CC	546
CD:CONQUER.EXE+0x00040B78	138
CD:CONQUER.EXE+0x00040C48	10
CD:CONQUER.EXE+0x00040C60	131
CD:CONQUER.EXE+0x00040CE4	490
CD:CONQUER.EXE+0x00040ED0	566
CD:CONQUER.EXE+0x00042F64	157
CD:CONQUER.EXE+0x00043004	66
CD:CONQUER.EXE+0x00043100	12
CD:CONQUER.EXE+0x0004310C	21
CD:CONQUER.EXE+0x00043124	14
CD:CONQUER.EXE+0x00043134	26
CD:CONQUER.EXE+0x00043150	19
CD:CONQUER.EXE+0x00043164	107
CD:CONQUER.EXE+0x000431D0	120
CD:CONQUER.EXE+0x00043248	110
CD:CONQUER.EXE+0x000432B8	123
CD:CONQUER.EXE+0x00043334	429
CD:CONQUER.EXE+0x000434E4	113
CD:CONQUER.EXE+0x00043558	55
CD:CONQUER.EXE+0x00043590	40
CD:CONQUER.EXE+0x000435B8	48
CD:CONQUER.EXE+0x000435E8	19
CD:CONQUER.EXE+0x000435FC	21
CD:CONQUER.EXE+0x00043614	20
CD:CONQUER.EXE+0x00043628	23
CD:CONQUER.EXE+0x00043658	22
CD:CONQUER.EXE+0x00043670	112
CD:CONQUER.EXE+0x000436E0	96
CD:CONQUER.EXE+0x00043740	36
CD:CONQUER.EXE+0x00043764	23
CD:CONQUER.EXE+0x0004377C	23
CD:CONQUER.EXE+0x00043794	26
CD:CONQUER.EXE+0x000437B0	25
CD:CONQUER.EXE+0x000437CC	32
CD:CONQUER.EXE+0x000437EC	50
CD:CONQUER.EXE+0x00043820	72
CD:CONQUER.EXE+0x00043868	52
CD:CONQUER.EXE+0x0004389C	41
CD:CONQUER.EXE+0x000438C8	45
CD:CONQUER.EXE+0x00043928	49
CD:CONQUER.EXE+0x0004395C	199
CD:CONQUER.EXE+0x00043A24	221
CD:CONQUER.EXE+0x00043B10	49
CD:CONQUER.EXE+0x00043B44	69
CD:CONQUER.EXE+0x00043B8C	329
CD:CONQUER.EXE+0x00043CD8	460
CD:CONQUER.EXE+0x00043EA4	472
CD:CONQUER.EXE+0x0004407C	557
CD:CONQUER.EXE+0x000442AC	569
CD:CONQUER.EXE+0x000444E8	202
CD:CONQUER.EXE+0x000445B4	14
CD:CONQUER.EXE+0x000445C4	231
CD:CONQUER.EXE+0x000446BC	51
CD:CONQUER.EXE+0x0004472C	17
CD:CONQUER.EXE+0x00044740	132
CD:CONQUER.EXE+0x000447C4	90
CD:CONQUER.EXE+0x00044A28	943
CD:CONQUER.EXE+0x00044F7C	474
CD:CONQUER.EXE+0x00045158	1324
CD:CONQUER.EXE+0x00045684	613
CD:CONQUER.EXE+0x000458EC	485
CD:CONQUER.EXE+0x00045AD4	1286
CD:CONQUER.EXE+0x00045FDC	1067
CD:CONQUER.EXE+0x00046408	170
CD:CONQUER.EXE+0x000464B4	1600
CD:CONQUER.EXE+0x00046AF4	1459
CD:CONQUER.EXE+0x000470A8	1250
CD:CONQUER.EXE+0x0004758C	165
CD:CONQUER.EXE+0x00047634	10
CD:CONQUER.EXE+0x00047640	19
CD:CONQUER.EXE+0x00047654	46
CD:CONQUER.EXE+0x00047684	19
CD:CONQUER.EXE+0x00047698	10
CD:CONQUER.EXE+0x000476A4	28
CD:CONQUER.EXE+0x000476C0	120
CD:CONQUER.EXE+0x00047738	475
CD:CONQUER.EXE+0x00047914	374
CD:CONQUER.EXE+0x00047A8C	50
CD:CONQUER.EXE+0x00047B20	194
CD:CONQUER.EXE+0x00047BE4	705
CD:CONQUER.EXE+0x00047EA8	486
CD:CONQUER.EXE+0x00048090	184
CD:CONQUER.EXE+0x00048148	84
CD:CONQUER.EXE+0x00048214	127
CD:CONQUER.EXE+0x00048294	118
CD:CONQUER.EXE+0x0004830C	841
CD:CONQUER.EXE+0x000488F0	99
CD:CONQUER.EXE+0x00048954	60
CD:CONQUER.EXE+0x00048990	60
CD:CONQUER.EXE+0x000489CC	581
CD:CONQUER.EXE+0x00048C14	23
CD:CONQUER.EXE+0x00048C2C	76
CD:CONQUER.EXE+0x00048C78	114
CD:CONQUER.EXE+0x00048D18	183
CD:CONQUER.EXE+0x00049124	175
CD:CONQUER.EXE+0x000491D4	43
CD:CONQUER.EXE+0x00049200	608
CD:CONQUER.EXE+0x00049478	252
CD:CONQUER.EXE+0x00049574	6
CD:CONQUER.EXE+0x0004957C	70
CD:CONQUER.EXE+0x000495C4	29
CD:CONQUER.EXE+0x000495F4	103
CD:CONQUER.EXE+0x000497BC	289
CD:CONQUER.EXE+0x00049BA8	209
CD:CONQUER.EXE+0x00049ED0	413
CD:CONQUER.EXE+0x0004A61C	826
CD:CONQUER.EXE+0x0004B198	225
CD:CONQUER.EXE+0x0004B290	68
CD:CONQUER.EXE+0x0004BFF0	378
CD:CONQUER.EXE+0x0004C170	547
CD:CONQUER.EXE+0x0004C394	128
CD:CONQUER.EXE+0x0004C414	714
CD:CONQUER.EXE+0x0004C6E0	273
CD:CONQUER.EXE+0x0004C7F4	265
CD:CONQUER.EXE+0x0004C900	541
CD:CONQUER.EXE+0x0004CB20	401
CD:CONQUER.EXE+0x0004CCB4	405
CD:CONQUER.EXE+0x0004CE4C	40
CD:CONQUER.EXE+0x0004CE74	43
CD:CONQUER.EXE+0x0004CEA0	86
CD:CONQUER.EXE+0x0004CEF8	75
CD:CONQUER.EXE+0x0004CF44	687
CD:CONQUER.EXE+0x0004D210	971
CD:CONQUER.EXE+0x0004D870	79
CD:CONQUER.EXE+0x0004D8C0	70
CD:CONQUER.EXE+0x0004D908	55
CD:CONQUER.EXE+0x0004D940	414
CD:CONQUER.EXE+0x0004DAF0	170
CD:CONQUER.EXE+0x0004DC40	247
CD:CONQUER.EXE+0x0004DD38	208
CD:CONQUER.EXE+0x0004DE08	412
CD:CONQUER.EXE+0x0004DFA4	635
CD:CONQUER.EXE+0x0004E220	377
CD:CONQUER.EXE+0x0004E39C	125
CD:CONQUER.EXE+0x0004E5F0	192
CD:CONQUER.EXE+0x0004EA04	1511
CD:CONQUER.EXE+0x0004F070	932
CD:CONQUER.EXE+0x0004F49C	428
CD:CONQUER.EXE+0x0004F89B	29
CD:CONQUER.EXE+0x00050524	85
CD:CONQUER.EXE+0x0005057C	265
CD:CONQUER.EXE+0x00050688	267
CD:CONQUER.EXE+0x00050B6C	4771
CD:CONQUER.EXE+0x00051E60	288
CD:CONQUER.EXE+0x00052DE0	306
CD:CONQUER.EXE+0x00052F14	442
CD:CONQUER.EXE+0x000530D0	3261
CD:CONQUER.EXE+0x00053D90	3543
CD:CONQUER.EXE+0x00054B68	2490
CD:CONQUER.EXE+0x00055524	1333
CD:CONQUER.EXE+0x00055A5C	91
CD:CONQUER.EXE+0x00055B10	9531
CD:CONQUER.EXE+0x0005877C	2719
CD:CONQUER.EXE+0x0005921C	268
CD:CONQUER.EXE+0x00059328	656
CD:CONQUER.EXE+0x000595C0	160
CD:CONQUER.EXE+0x00059660	96
CD:CONQUER.EXE+0x000596C0	159
CD:CONQUER.EXE+0x00059760	171
CD:CONQUER.EXE+0x0005982C	488
CD:CONQUER.EXE+0x00059BD4	60
CD:CONQUER.EXE+0x00059C4C	34
CD:CONQUER.EXE+0x00059CDC	8
CD:CONQUER.EXE+0x00059CE4	45
CD:CONQUER.EXE+0x00059D14	32
CD:CONQUER.EXE+0x00059D34	25
CD:CONQUER.EXE+0x00059D50	11
CD:CONQUER.EXE+0x00059D5C	11
CD:CONQUER.EXE+0x00059D70	262
CD:CONQUER.EXE+0x00059E78	45
CD:CONQUER.EXE+0x00059F50	40
CD:CONQUER.EXE+0x00059F78	16
CD:CONQUER.EXE+0x00059F88	20
CD:CONQUER.EXE+0x00059FA0	480
CD:CONQUER.EXE+0x0005A180	95
CD:CONQUER.EXE+0x0005A2A4	368
CD:CONQUER.EXE+0x0005A420	19
CD:CONQUER.EXE+0x0005A434	5
CD:CONQUER.EXE+0x0005A43C	3
CD:CONQUER.EXE+0x0005A5B4	491
CD:CONQUER.EXE+0x0005A7A0	172
CD:CONQUER.EXE+0x0005A84C	1
CD:CONQUER.EXE+0x0005A850	261
CD:CONQUER.EXE+0x0005A958	193
CD:CONQUER.EXE+0x0005AA1C	5
CD:CONQUER.EXE+0x0005AAFC	681
CD:CONQUER.EXE+0x0005ADA8	775
CD:CONQUER.EXE+0x0005B0D4	489
CD:CONQUER.EXE+0x0005B2C0	51
CD:CONQUER.EXE+0x0005B2F4	60
CD:CONQUER.EXE+0x0005B330	55
CD:CONQUER.EXE+0x0005B368	6
CD:CONQUER.EXE+0x0005B370	10
CD:CONQUER.EXE+0x0005B37C	35
CD:CONQUER.EXE+0x0005B3A0	14
CD:CONQUER.EXE+0x0005B3B0	418
CD:CONQUER.EXE+0x0005B554	47
CD:CONQUER.EXE+0x0005B584	403
CD:CONQUER.EXE+0x0005B790	45
CD:CONQUER.EXE+0x0005C380	94
CD:CONQUER.EXE+0x0005C3E0	28
CD:CONQUER.EXE+0x0005C550	123
CD:CONQUER.EXE+0x0005C5CC	72
CD:CONQUER.EXE+0x0005C664	9
CD:CONQUER.EXE+0x0005C930	105
CD:CONQUER.EXE+0x0005C99C	167
CD:CONQUER.EXE+0x0005CA1C	82
CD:CONQUER.EXE+0x0005CA70	1696
CD:CONQUER.EXE+0x0005D308	16
CD:CONQUER.EXE+0x0005D404	25
CD:CONQUER.EXE+0x0005D420	37
CD:CONQUER.EXE+0x0005D448	16
CD:CONQUER.EXE+0x0005D458	153
CD:CONQUER.EXE+0x0005D4F4	67
CD:CONQUER.EXE+0x0005D714	66
CD:CONQUER.EXE+0x0005D758	212
CD:CONQUER.EXE+0x0005D828	72
CD:CONQUER.EXE+0x0005D870	150
CD:CONQUER.EXE+0x0005D908	488
CD:CONQUER.EXE+0x0005DAF0	62
CD:CONQUER.EXE+0x0005DB30	421
CD:CONQUER.EXE+0x0005DCD8	109
CD:CONQUER.EXE+0x0005DFA4	150
CD:CONQUER.EXE+0x0005E03C	195
CD:CONQUER.EXE+0x0005E158	410
CD:CONQUER.EXE+0x0005E2F4	988
CD:CONQUER.EXE+0x0005E6D0	98
CD:CONQUER.EXE+0x0005E734	266
CD:CONQUER.EXE+0x0005E840	88
CD:CONQUER.EXE+0x0005E898	283
CD:CONQUER.EXE+0x0005E9B4	264
CD:CONQUER.EXE+0x0005EABC	37
CD:CONQUER.EXE+0x0005EAE4	28
CD:CONQUER.EXE+0x0005EB00	521
CD:CONQUER.EXE+0x0005ED0C	223
CD:CONQUER.EXE+0x0005EDEC	72
CD:CONQUER.EXE+0x0005EE34	76
CD:CONQUER.EXE+0x0005EE80	1
CD:CONQUER.EXE+0x0005EE84	90
CD:CONQUER.EXE+0x0005EEE0	89
CD:CONQUER.EXE+0x0005EF3C	314
CD:CONQUER.EXE+0x0005F078	251
CD:CONQUER.EXE+0x0005F174	333
CD:CONQUER.EXE+0x0005F2C4	438
CD:CONQUER.EXE+0x0005F480	2194
CD:CONQUER.EXE+0x0005FD14	55
CD:CONQUER.EXE+0x0005FD4C	415
CD:CONQUER.EXE+0x0005FEEC	95
CD:CONQUER.EXE+0x0005FF4C	37
CD:CONQUER.EXE+0x0005FF74	41
CD:CONQUER.EXE+0x0006118C	416
CD:CONQUER.EXE+0x000623B0	57
CD:CONQUER.EXE+0x000623EC	56
CD:CONQUER.EXE+0x00062610	512
CD:CONQUER.EXE+0x00062828	88
CD:CONQUER.EXE+0x000628AC	88
CD:CONQUER.EXE+0x00062940	103
CD:CONQUER.EXE+0x000629B0	461
CD:CONQUER.EXE+0x00062B80	531
CD:CONQUER.EXE+0x00062D94	265
CD:CONQUER.EXE+0x00062EA0	47
CD:CONQUER.EXE+0x00062ED0	240
CD:CONQUER.EXE+0x00062FC0	61
CD:CONQUER.EXE+0x00063014	51
CD:CONQUER.EXE+0x00063050	9
CD:CONQUER.EXE+0x00063064	6
CD:CONQUER.EXE+0x0006306C	19
CD:CONQUER.EXE+0x00063098	106
CD:CONQUER.EXE+0x00063114	89
CD:CONQUER.EXE+0x00063270	139
CD:CONQUER.EXE+0x000632FC	205
CD:CONQUER.EXE+0x000633D0	90
CD:CONQUER.EXE+0x0006342A	182
CD:CONQUER.EXE+0x000634E0	259
CD:CONQUER.EXE+0x000635E3	47
CD:CONQUER.EXE+0x00063612	23
CD:CONQUER.EXE+0x000636D0	120
CD:CONQUER.EXE+0x00063748	495
CD:CONQUER.EXE+0x00063937	45
CD:CONQUER.EXE+0x00063964	38
CD:CONQUER.EXE+0x0006398A	16
CD:CONQUER.EXE+0x0006399A	121
CD:CONQUER.EXE+0x00063A13	167
CD:CONQUER.EXE+0x00063ABA	433
CD:CONQUER.EXE+0x00063C70	79
CD:CONQUER.EXE+0x00063D20	30
CD:CONQUER.EXE+0x00063D40	53
CD:CONQUER.EXE+0x00063D78	18
CD:CONQUER.EXE+0x00063D8C	38
CD:CONQUER.EXE+0x00063DB4	14
CD:CONQUER.EXE+0x00063DC4	88
CD:CONQUER.EXE+0x00063E20	159
CD:CONQUER.EXE+0x00063EC0	29
CD:CONQUER.EXE+0x00063EE0	104
CD:CONQUER.EXE+0x00063F48	52
CD:CONQUER.EXE+0x00063F7C	15
CD:CONQUER.EXE+0x00063F8C	14
CD:CONQUER.EXE+0x00064008	6
CD:CONQUER.EXE+0x00064010	6
CD:CONQUER.EXE+0x00064018	10
CD:CONQUER.EXE+0x00064030	110
CD:CONQUER.EXE+0x00064164	56
CD:CONQUER.EXE+0x000641A0	181
CD:CONQUER.EXE+0x0006427A	82
CD:CONQUER.EXE+0x000642CC	53
CD:CONQUER.EXE+0x00064320	192
CD:CONQUER.EXE+0x000643E0	97
CD:CONQUER.EXE+0x00064444	30
CD:CONQUER.EXE+0x000644B0	19
CD:CONQUER.EXE+0x000644D4	80
CD:CONQUER.EXE+0x000645B2	14
CD:CONQUER.EXE+0x000645C0	1551
CD:CONQUER.EXE+0x00064BCF	166
CD:CONQUER.EXE+0x00064C78	873
CD:CONQUER.EXE+0x00064FE4	14
CD:CONQUER.EXE+0x00064FF5	26
CD:CONQUER.EXE+0x0006500F	22
CD:CONQUER.EXE+0x00065025	117
CD:CONQUER.EXE+0x000650CC	60
CD:CONQUER.EXE+0x00065108	37
CD:CONQUER.EXE+0x00065130	51
CD:CONQUER.EXE+0x000652A0	136
CD:CONQUER.EXE+0x00065328	31
CD:CONQUER.EXE+0x00065350	34
CD:CONQUER.EXE+0x00065380	5
CD:CONQUER.EXE+0x00065388	32
CD:CONQUER.EXE+0x000653A8	22
CD:CONQUER.EXE+0x000655F0	37
CD:CONQUER.EXE+0x0006576E	67
CD:CONQUER.EXE+0x000657B1	15
CD:CONQUER.EXE+0x000657C0	5
CD:CONQUER.EXE+0x000657C8	124
CD:CONQUER.EXE+0x00065850	1559
CD:CONQUER.EXE+0x00065E68	36
CD:CONQUER.EXE+0x00065E8C	136
CD:CONQUER.EXE+0x00065F14	58
CD:CONQUER.EXE+0x00065F50	36
CD:CONQUER.EXE+0x00065F74	341
CD:CONQUER.EXE+0x000660CC	204
CD:CONQUER.EXE+0x00066198	201
CD:CONQUER.EXE+0x00066270	263
CD:CONQUER.EXE+0x00066378	226
CD:CONQUER.EXE+0x0006645C	326
CD:CONQUER.EXE+0x000665A4	535
CD:CONQUER.EXE+0x00066818	48
CD:CONQUER.EXE+0x000671B4	568
CD:CONQUER.EXE+0x000673EC	276
CD:CONQUER.EXE+0x00067500	418
CD:CONQUER.EXE+0x000676A4	404
CD:CONQUER.EXE+0x00067838	58
CD:CONQUER.EXE+0x00067880	158
CD:CONQUER.EXE+0x00067980	47
CD:CONQUER.EXE+0x000681D1	34
CD:CONQUER.EXE+0x000681F3	149
CD:CONQUER.EXE+0x00068288	49
CD:CONQUER.EXE+0x000682C0	101
CD:CONQUER.EXE+0x00068325	71
CD:CONQUER.EXE+0x0006836C	339
CD:CONQUER.EXE+0x000697EB	37
CD:CONQUER.EXE+0x00069810	87
CD:CONQUER.EXE+0x00069867	35
CD:CONQUER.EXE+0x00069890	172
CD:CONQUER.EXE+0x0006993C	35
CD:CONQUER.EXE+0x0006995F	46
CD:CONQUER.EXE+0x00069990	14
CD:CONQUER.EXE+0x0006999E	219
CD:CONQUER.EXE+0x00069A7C	48
CD:CONQUER.EXE+0x00069AAC	517
CD:CONQUER.EXE+0x00069CB1	372
CD:CONQUER.EXE+0x00069E25	431
CD:CONQUER.EXE+0x00069FD4	35
CD:CONQUER.EXE+0x00069FF7	46
CD:CONQUER.EXE+0x0006A028	195
CD:CONQUER.EXE+0x0006A0EE	19
CD:CONQUER.EXE+0x0006A104	14
CD:CONQUER.EXE+0x0006A112	55
CD:CONQUER.EXE+0x0006A149	56
CD:CONQUER.EXE+0x0006A190	73
CD:CONQUER.EXE+0x0006A1DC	52
CD:CONQUER.EXE+0x0006A210	183
CD:CONQUER.EXE+0x0006A360	168
CD:CONQUER.EXE+0x0006A408	63
CD:CONQUER.EXE+0x0006A447	158
CD:CONQUER.EXE+0x0006A4E5	30
CD:CONQUER.EXE+0x0006A503	237
CD:CONQUER.EXE+0x0006A5F0	574
CD:CONQUER.EXE+0x0006A830	6
CD:CONQUER.EXE+0x0006A840	29
CD:CONQUER.EXE+0x0006A880	122
CD:CONQUER.EXE+0x0006A8FA	79
CD:CONQUER.EXE+0x0006B3B4	55
CD:CONQUER.EXE+0x0006B3EB	6
CD:CONQUER.EXE+0x0006B3F1	34
CD:CONQUER.EXE+0x0006B413	16
CD:CONQUER.EXE+0x0006B423	23
CD:CONQUER.EXE+0x0006B480	40
CD:CONQUER.EXE+0x0006B4A8	27
CD:CONQUER.EXE+0x0006B4C3	27
CD:CONQUER.EXE+0x0006B4DE	471
CD:CONQUER.EXE+0x0006B6B5	113
CD:CONQUER.EXE+0x0006B726	269
CD:CONQUER.EXE+0x0006B833	1012
CD:CONQUER.EXE+0x0006BC27	659
CD:CONQUER.EXE+0x0006BEBA	880
CD:CONQUER.EXE+0x0006C22A	93
CD:CONQUER.EXE+0x0006C287	1225
CD:CONQUER.EXE+0x0006C752	213
CD:CONQUER.EXE+0x0006C827	461
CD:CONQUER.EXE+0x0006C9F4	726
CD:CONQUER.EXE+0x0006CCCA	191
CD:CONQUER.EXE+0x0006CD89	214
CD:CONQUER.EXE+0x0006CE61	121
CD:CONQUER.EXE+0x0006CEDA	119
CD:CONQUER.EXE+0x0006CF51	1288
CD:CONQUER.EXE+0x0006D459	477
CD:CONQUER.EXE+0x0006D638	36
CD:CONQUER.EXE+0x0006D65E	507
CD:CONQUER.EXE+0x0006D85B	311
CD:CONQUER.EXE+0x0006D994	50
CD:CONQUER.EXE+0x0006D9C6	701
CD:CONQUER.EXE+0x0006DC85	101
CD:CONQUER.EXE+0x0006DCEC	191
CD:CONQUER.EXE+0x0006DDAD	27
CD:CONQUER.EXE+0x0006DDC8	337
CD:CONQUER.EXE+0x0006DF1C	116
CD:CONQUER.EXE+0x0006DF90	121
CD:CONQUER.EXE+0x0006E009	33
CD:CONQUER.EXE+0x0006E02A	68
CD:CONQUER.EXE+0x0006E070	63
CD:CONQUER.EXE+0x0006E0B0	21
CD:CONQUER.EXE+0x0006E0D0	18
CD:CONQUER.EXE+0x0006E0E5	14
CD:CONQUER.EXE+0x0006E0F3	81
CD:CONQUER.EXE+0x0006E147	114
CD:CONQUER.EXE+0x0006E1BC	14
CD:CONQUER.EXE+0x0006E1D0	328
CD:CONQUER.EXE+0x0006E320	387
CD:CONQUER.EXE+0x0006E4B0	76
CD:CONQUER.EXE+0x0006E500	25
CD:CONQUER.EXE+0x0006E524	33
CD:CONQUER.EXE+0x0006E558	25
CD:CONQUER.EXE+0x0006E57C	33
CD:CONQUER.EXE+0x0006E5A0	856
CD:CONQUER.EXE+0x0006E928	75
CD:CONQUER.EXE+0x0006E980	245
CD:CONQUER.EXE+0x0006EA80	43
CD:CONQUER.EXE+0x0006EAAE	14
CD:CONQUER.EXE+0x0006EABC	2018
CD:CONQUER.EXE+0x0006F29E	67
CD:CONQUER.EXE+0x0006F2E1	136
CD:CONQUER.EXE+0x0006F369	265
CD:CONQUER.EXE+0x0006F472	677
CD:CONQUER.EXE+0x0006F717	126
CD:CONQUER.EXE+0x0006F798	101
CD:CONQUER.EXE+0x0006F800	47
CD:CONQUER.EXE+0x0006F832	47
CD:CONQUER.EXE+0x0006F864	59
CD:CONQUER.EXE+0x0006F8A2	493
CD:CONQUER.EXE+0x0006FA92	457
CD:CONQUER.EXE+0x0006FC5E	14
CD:CONQUER.EXE+0x0006FC6C	47
CD:CONQUER.EXE+0x0006FC9C	182
CD:CONQUER.EXE+0x0006FD52	179
CD:CONQUER.EXE+0x0006FE05	212
CD:CONQUER.EXE+0x0006FEDC	51
CD:CONQUER.EXE+0x0006FF10	61
CD:CONQUER.EXE+0x0006FF50	308
CD:CONQUER.EXE+0x00070084	50
CD:CONQUER.EXE+0x000700C0	78
CD:CONQUER.EXE+0x00070120	479
CD:CONQUER.EXE+0x00070300	37
CD:CONQUER.EXE+0x00070330	175
CD:CONQUER.EXE+0x000703E0	158
CD:CONQUER.EXE+0x00070480	203
CD:CONQUER.EXE+0x00070550	116
CD:CONQUER.EXE+0x000705D0	64
CD:CONQUER.EXE+0x00070610	120
CD:CONQUER.EXE+0x00070688	74
CD:CONQUER.EXE+0x000706E0	799
CD:CONQUER.EXE+0x00070A00	38
CD:CONQUER.EXE+0x00070A26	104
CD:CONQUER.EXE+0x00070A8E	981
CD:CONQUER.EXE+0x00070E64	2
CD:CONQUER.EXE+0x00070EDC	538
CD:CONQUER.EXE+0x000710F6	67
CD:CONQUER.EXE+0x0007113C	46
CD:CONQUER.EXE+0x0007116A	130
CD:CONQUER.EXE+0x0007122C	146
CD:CONQUER.EXE+0x000713B4	53
CD:CONQUER.EXE+0x000713F0	400
CD:CONQUER.EXE+0x00071580	25
CD:CONQUER.EXE+0x0007159C	40
CD:CONQUER.EXE+0x000715D0	616
CD:CONQUER.EXE+0x00071838	282
CD:CONQUER.EXE+0x000719CD	66
CD:CONQUER.EXE+0x00071A0F	101
CD:CONQUER.EXE+0x00071A74	646
CD:CONQUER.EXE+0x00071CFA	188
CD:CONQUER.EXE+0x00071DB6	299
CD:CONQUER.EXE+0x00071EE1	118
CD:CONQUER.EXE+0x00071F57	37
CD:CONQUER.EXE+0x00071F7E	29
CD:CONQUER.EXE+0x00071F9B	53
CD:CONQUER.EXE+0x00071FD2	153
CD:CONQUER.EXE+0x0007206B	28
CD:CONQUER.EXE+0x00072087	28
CD:CONQUER.EXE+0x000720A3	27
CD:CONQUER.EXE+0x000720C0	89
CD:CONQUER.EXE+0x00072119	98
CD:CONQUER.EXE+0x00072180	460
CD:CONQUER.EXE+0x0007234C	41
CD:CONQUER.EXE+0x00072380	165
CD:CONQUER.EXE+0x00072440	248
CD:CONQUER.EXE+0x00072F30	23
CD:CONQUER.EXE+0x00072F80	15
CD:CONQUER.EXE+0x00072F90	15
CD:CONQUER.EXE+0x00072FA0	15
CD:CONQUER.EXE+0x00072FB0	15
CD:CONQUER.EXE+0x00072FC0	15
CD:CONQUER.EXE+0x00072FD0	15
CD:CONQUER.EXE+0x00072FE0	91
CD:CONQUER.EXE+0x0007303B	58
CD:CONQUER.EXE+0x00073078	83
CD:CONQUER.EXE+0x000730CC	41
CD:CONQUER.EXE+0x000730F8	16
CD:CONQUER.EXE+0x00073110	101
CD:CONQUER.EXE+0x00073270	44
CD:CONQUER.EXE+0x000732A0	69
CD:CONQUER.EXE+0x000732E5	52
CD:CONQUER.EXE+0x0007331C	57
CD:CONQUER.EXE+0x00073363	18
CD:CONQUER.EXE+0x00073375	53
CD:CONQUER.EXE+0x000733BF	65
CD:CONQUER.EXE+0x00073400	19
CD:CONQUER.EXE+0x00073413	304
CD:CONQUER.EXE+0x00073543	116
CD:CONQUER.EXE+0x000735B7	139
CD:CONQUER.EXE+0x00073642	47
CD:CONQUER.EXE+0x00073671	187
CD:CONQUER.EXE+0x0007372C	206
CD:CONQUER.EXE+0x000737FA	14
CD:CONQUER.EXE+0x00073808	13
CD:CONQUER.EXE+0x00073890	163
CD:CONQUER.EXE+0x00073934	290
CD:CONQUER.EXE+0x00073A56	35
CD:CONQUER.EXE+0x00073A79	23
CD:CONQUER.EXE+0x00073BDB	293
CD:CONQUER.EXE+0x00073D00	51
CD:CONQUER.EXE+0x00073D40	42
CD:CONQUER.EXE+0x00073D6A	14
CD:CONQUER.EXE+0x00073D78	245
CD:CONQUER.EXE+0x00073E6D	14
CD:CONQUER.EXE+0x00073E7B	94
CD:CONQUER.EXE+0x00073ED9	75
CD:CONQUER.EXE+0x00073F24	150
CD:CONQUER.EXE+0x00073FBA	100
CD:CONQUER.EXE+0x0007401E	177
CD:CONQUER.EXE+0x000740CF	56
CD:CONQUER.EXE+0x00074276	14
CD:CONQUER.EXE+0x00074287	34
CD:CONQUER.EXE+0x000742A9	123
CD:CONQUER.EXE+0x00074327	92
CD:CONQUER.EXE+0x00074386	120
CD:CONQUER.EXE+0x00074401	92
CD:CONQUER.EXE+0x00074460	91
CD:CONQUER.EXE+0x000744BE	92
CD:CONQUER.EXE+0x0007451A	123
CD:CONQUER.EXE+0x00074598	92
CD:CONQUER.EXE+0x000745F7	120
CD:CONQUER.EXE+0x00074672	92
CD:CONQUER.EXE+0x000746D1	118
CD:CONQUER.EXE+0x0007474A	91
CD:CONQUER.EXE+0x000747A5	48
CD:CONQUER.EXE+0x000747D8	84
CD:CONQUER.EXE+0x0007482C	46
CD:CONQUER.EXE+0x0007485D	14
CD:CONQUER.EXE+0x00074870	147
CD:CONQUER.EXE+0x00074903	738
CD:CONQUER.EXE+0x00074BE5	91
CD:CONQUER.EXE+0x00074C40	123
CD:CONQUER.EXE+0x00074CBB	6
CD:CONQUER.EXE+0x00074CC1	224
CD:CONQUER.EXE+0x00074DA1	151
CD:CONQUER.EXE+0x00074F90	1948
CD:CONQUER.EXE+0x0007572C	170
CD:CONQUER.EXE+0x000757D6	23
CD:CONQUER.EXE+0x000757ED	273
CD:CONQUER.EXE+0x000758FE	172
CD:CONQUER.EXE+0x000759AA	391
CD:CONQUER.EXE+0x00076908	460
CD:CONQUER.EXE+0x000779DB	14
CD:CONQUER.EXE+0x000779E9	135
CD:CONQUER.EXE+0x00077A73	14
CD:CONQUER.EXE+0x00077A90	62
CD:CONQUER.EXE+0x00077AD1	14
CD:CONQUER.EXE+0x00077ADF	35
CD:CONQUER.EXE+0x00077B05	14
CD:CONQUER.EXE+0x00077B16	14
CD:CONQUER.EXE+0x00077B24	706
CD:CONQUER.EXE+0x00077DE6	706
CD:CONQUER.EXE+0x000780A8	109
CD:CONQUER.EXE+0x00078115	60
CD:CONQUER.EXE+0x00078151	2226
CD:CONQUER.EXE+0x00078A03	533
CD:CONQUER.EXE+0x00078C18	221
CD:CONQUER.EXE+0x00078CF5	273
CD:CONQUER.EXE+0x00078E06	113
CD:CONQUER.EXE+0x00078E7A	14
CD:CONQUER.EXE+0x00078E8B	14
CD:CONQUER.EXE+0x00078E99	663
CD:CONQUER.EXE+0x00079130	663
CD:CONQUER.EXE+0x000793C7	352
CD:CONQUER.EXE+0x00079527	60
CD:CONQUER.EXE+0x00079563	1301
CD:CONQUER.EXE+0x00079A78	278
CD:CONQUER.EXE+0x00079B91	212
CD:CONQUER.EXE+0x00079C68	14
CD:CONQUER.EXE+0x00079C79	14
CD:CONQUER.EXE+0x00079C87	345
CD:CONQUER.EXE+0x00079DE0	139
CD:CONQUER.EXE+0x00079E6B	647
CD:CONQUER.EXE+0x0007A0F5	405
CD:CONQUER.EXE+0x0007A28D	595
CD:CONQUER.EXE+0x0007A4E3	545
CD:CONQUER.EXE+0x0007A707	384
CD:CONQUER.EXE+0x0007A88A	197
CD:CONQUER.EXE+0x0007A952	14
CD:CONQUER.EXE+0x0007A960	326
CD:CONQUER.EXE+0x0007AAA9	25
CD:CONQUER.EXE+0x0007AAC2	5
CD:CONQUER.EXE+0x0007AAC7	88
CD:CONQUER.EXE+0x0007AB20	59
CD:CONQUER.EXE+0x0007AB5E	14
CD:CONQUER.EXE+0x0007AB6C	50
CD:CONQUER.EXE+0x0007ABA1	214
CD:CONQUER.EXE+0x0007AC7A	21
CD:CONQUER.EXE+0x0007AC92	14
CD:CONQUER.EXE+0x0007ACA3	14
CD:CONQUER.EXE+0x0007ACB1	343
CD:CONQUER.EXE+0x0007AE08	352
CD:CONQUER.EXE+0x0007AF6B	217
CD:CONQUER.EXE+0x0007B047	289
CD:CONQUER.EXE+0x0007B168	320
CD:CONQUER.EXE+0x0007B2AB	273
CD:CONQUER.EXE+0x0007B3BF	14
CD:CONQUER.EXE+0x0007B3D0	67
CD:CONQUER.EXE+0x0007B47D	60
CD:CONQUER.EXE+0x0007B4B9	37
CD:CONQUER.EXE+0x0007B4DE	695
CD:CONQUER.EXE+0x0007B795	320
CD:CONQUER.EXE+0x0007B8D5	99
CD:CONQUER.EXE+0x0007B938	38
CD:CONQUER.EXE+0x0007B95E	49
CD:CONQUER.EXE+0x0007B98F	98
CD:CONQUER.EXE+0x0007B9F1	227
CD:CONQUER.EXE+0x0007BAD4	27
CD:CONQUER.EXE+0x0007BAEF	1195
CD:CONQUER.EXE+0x0007BF9A	32
CD:CONQUER.EXE+0x0007BFBC	103
CD:CONQUER.EXE+0x0007C024	129
CD:CONQUER.EXE+0x0007C0A5	112
CD:CONQUER.EXE+0x0007C118	125
CD:CONQUER.EXE+0x0007C198	92
CD:CONQUER.EXE+0x0007C1F4	11
CD:CONQUER.EXE+0x0007C1FF	4
CD:CONQUER.EXE+0x0007C213	12
CD:CONQUER.EXE+0x0007C21F	7
CD:CONQUER.EXE+0x0007C231	34
CD:CONQUER.EXE+0x0007C253	476
CD:CONQUER.EXE+0x0007C42F	108
CD:CONQUER.EXE+0x0007C49B	163
CD:CONQUER.EXE+0x0007C53E	55
CD:CONQUER.EXE+0x0007C593	51
CD:CONQUER.EXE+0x0007C5C6	26
CD:CONQUER.EXE+0x0007C5E0	128
CD:CONQUER.EXE+0x0007C660	462
CD:CONQUER.EXE+0x0007C82E	196
CD:CONQUER.EXE+0x0007C8F2	6
CD:CONQUER.EXE+0x0007C8F8	52
CD:CONQUER.EXE+0x0007C946	75
CD:CONQUER.EXE+0x0007C991	53
CD:CONQUER.EXE+0x0007C9C6	43
CD:CONQUER.EXE+0x0007C9F1	16
CD:CONQUER.EXE+0x0007CA01	21
CD:CONQUER.EXE+0x0007CA16	191
CD:CONQUER.EXE+0x0007CAD8	76
CD:CONQUER.EXE+0x0007CB24	114
CD:CONQUER.EXE+0x0007CB98	43
CD:CONQUER.EXE+0x0007CBC3	379
CD:CONQUER.EXE+0x0007CD40	35
CD:CONQUER.EXE+0x0007CD64	218
CD:CONQUER.EXE+0x0007CE40	102
CD:CONQUER.EXE+0x0007CEB0	100
CD:CONQUER.EXE+0x0007CFB8	535
CD:CONQUER.EXE+0x0007D1CF	221
CD:CONQUER.EXE+0x0007D2AC	55
CD:CONQUER.EXE+0x0007D2E3	141
CD:CONQUER.EXE+0x0007D370	281
CD:CONQUER.EXE+0x0007D489	107
CD:CONQUER.EXE+0x0007D4F4	68
CD:CONQUER.EXE+0x0007D538	262
CD:CONQUER.EXE+0x0007D63E	835
CD:CONQUER.EXE+0x0007D981	553
CD:CONQUER.EXE+0x0007DBAA	47
CD:CONQUER.EXE+0x0007DBD9	39
CD:CONQUER.EXE+0x0007DC00	277
CD:CONQUER.EXE+0x0007DE7C	386
CD:CONQUER.EXE+0x0007E000	46
CD:CONQUER.EXE+0x0007E030	49
CD:CONQUER.EXE+0x0007E067	108
CD:CONQUER.EXE+0x0007E0E0	320
CD:CONQUER.EXE+0x0007E220	147
CD:CONQUER.EXE+0x0007E574	60
CD:CONQUER.EXE+0x0007E5B0	18
CD:CONQUER.EXE+0x0007E5C4	19
CD:CONQUER.EXE+0x0007E5D8	20
CD:CONQUER.EXE+0x0007E5EC	19
CD:CONQUER.EXE+0x0007E600	27
CD:CONQUER.EXE+0x0007E61C	41
CD:CONQUER.EXE+0x0007E648	184
CD:CONQUER.EXE+0x0007E700	360
CD:CONQUER.EXE+0x0007E868	807
CD:CONQUER.EXE+0x0007EB90	1243
CD:CONQUER.EXE+0x0007F06C	31
CD:CONQUER.EXE+0x0007F08C	61
CD:CONQUER.EXE+0x0007F0CC	468
CD:CONQUER.EXE+0x0007F2A0	135
CD:CONQUER.EXE+0x0007F328	102
CD:CONQUER.EXE+0x0007F390	108
CD:CONQUER.EXE+0x0007F400	18
CD:CONQUER.EXE+0x0007F414	19
CD:CONQUER.EXE+0x0007F428	22
CD:CONQUER.EXE+0x0007F440	22
CD:CONQUER.EXE+0x0007F550	41
CD:CONQUER.EXE+0x0007F834	818
CD:CONQUER.EXE+0x0007FB68	63
CD:CONQUER.EXE+0x0007FBB0	37
CD:CONQUER.EXE+0x0007FDB7	68
CD:CONQUER.EXE+0x0007FDFB	14
CD:CONQUER.EXE+0x0007FE40	112
CD:CONQUER.EXE+0x0007FEB0	18
CD:CONQUER.EXE+0x0007FEDC	91
CD:CONQUER.EXE+0x0007FF37	491
CD:CONQUER.EXE+0x00080142	151
CD:CONQUER.EXE+0x000801DA	56
CD:CONQUER.EXE+0x00080212	37
CD:CONQUER.EXE+0x00080246	62
CD:CONQUER.EXE+0x000805B8	42
CD:CONQUER.EXE+0x00080661	70
CD:CONQUER.EXE+0x000806A7	191
CD:CONQUER.EXE+0x00080769	44
CD:CONQUER.EXE+0x00080795	44
CD:CONQUER.EXE+0x000807C1	121
CD:CONQUER.EXE+0x0008083D	89
CD:CONQUER.EXE+0x00080898	37
CD:CONQUER.EXE+0x000808D9	281
CD:CONQUER.EXE+0x000809F2	193
CD:CONQUER.EXE+0x00080AB3	344
CD:CONQUER.EXE+0x00080C10	33
CD:CONQUER.EXE+0x00080C69	71
CD:CONQUER.EXE+0x00080CF7	36
CD:CONQUER.EXE+0x00080D27	14
CD:CONQUER.EXE+0x00080D93	14
CD:CONQUER.EXE+0x00080DA1	36
CD:CONQUER.EXE+0x00080DC8	14
CD:CONQUER.EXE+0x00080DD9	14
CD:CONQUER.EXE+0x00080DEA	2216
CD:CONQUER.EXE+0x000823B9	464
CD:CONQUER.EXE+0x0008258C	14
CD:CONQUER.EXE+0x0008259D	14
CD:CONQUER.EXE+0x000825AB	2801
CD:CONQUER.EXE+0x0008309C	991
CD:CONQUER.EXE+0x0008347E	51
CD:CONQUER.EXE+0x000834B4	39
CD:CONQUER.EXE+0x000834DE	14
CD:CONQUER.EXE+0x000834F0	48
CD:CONQUER.EXE+0x00083520	237
CD:CONQUER.EXE+0x00083610	427
CD:CONQUER.EXE+0x000837BC	127
CD:CONQUER.EXE+0x0008383C	53
CD:CONQUER.EXE+0x00083880	242
CD:CONQUER.EXE+0x00083A0C	59
CD:CONQUER.EXE+0x00083A50	54
CD:CONQUER.EXE+0x00083AC0	235
CD:CONQUER.EXE+0x00083BB0	81
CD:CONQUER.EXE+0x00083C10	111
CD:CONQUER.EXE+0x00083C80	69
CD:CONQUER.EXE+0x00083CD0	59
CD:CONQUER.EXE+0x00083D0C	17
CD:CONQUER.EXE+0x00083DA0	442
CD:CONQUER.EXE+0x00083F5A	89
CD:CONQUER.EXE+0x00083FB4	75
CD:CONQUER.EXE+0x00083FFF	79
CD:CONQUER.EXE+0x0008417D	135
CD:CONQUER.EXE+0x00084204	240
CD:CONQUER.EXE+0x000843B6	243
CD:CONQUER.EXE+0x000843EC	274
CD:CONQUER.EXE+0x000844FE	274
CD:CONQUER.EXE+0x00084610	5
CD:CONQUER.EXE+0x00084618	8
CD:CONQUER.EXE+0x00084620	91
CD:CONQUER.EXE+0x0008467C	30
CD:CONQUER.EXE+0x00084707	30
CD:CONQUER.EXE+0x00084954	40
CD:CONQUER.EXE+0x00084A68	44
CD:CONQUER.EXE+0x00084AA0	375
CD:CONQUER.EXE+0x00084C20	45
CD:CONQUER.EXE+0x00084C6C	47
CD:CONQUER.EXE+0x00084C9C	389
CD:CONQUER.EXE+0x000858C8	85
CD:CONQUER.EXE+0x0008591D	164
CD:CONQUER.EXE+0x000859C1	34
CD:CONQUER.EXE+0x000859E3	116
CD:CONQUER.EXE+0x00085A57	30
CD:CONQUER.EXE+0x00085A75	11
CD:CONQUER.EXE+0x00085A80	55
CD:CONQUER.EXE+0x00085AB7	27
CD:CONQUER.EXE+0x00085AD2	65
CD:CONQUER.EXE+0x00085B13	163
CD:CONQUER.EXE+0x00085BC6	8
CD:CONQUER.EXE+0x00085BD0	107
CD:CONQUER.EXE+0x00085D0F	194
CD:CONQUER.EXE+0x00085DD1	194
CD:CONQUER.EXE+0x00085E93	65
CD:CONQUER.EXE+0x00085ED4	94
CD:CONQUER.EXE+0x00085F32	306
CD:CONQUER.EXE+0x00086064	116
CD:CONQUER.EXE+0x000860D8	75
CD:CONQUER.EXE+0x00086123	210
CD:CONQUER.EXE+0x000861F5	207
CD:CONQUER.EXE+0x000862C4	347
CD:CONQUER.EXE+0x0008641F	118
CD:CONQUER.EXE+0x000864A0	281
CD:CONQUER.EXE+0x000865BA	163
CD:CONQUER.EXE+0x00086662	272
CD:CONQUER.EXE+0x0008676D	3
CD:CONQUER.EXE+0x00086771	61
CD:CONQUER.EXE+0x000867AE	61
CD:CONQUER.EXE+0x000867EB	142
CD:CONQUER.EXE+0x00086879	54
CD:CONQUER.EXE+0x000868AF	93
CD:CONQUER.EXE+0x0008690C	48
CD:CONQUER.EXE+0x0008693C	54
CD:CONQUER.EXE+0x00086972	43
CD:CONQUER.EXE+0x000869D2	78
CD:CONQUER.EXE+0x00086A20	35
CD:CONQUER.EXE+0x00086A43	35
CD:CONQUER.EXE+0x00086A66	68
CD:CONQUER.EXE+0x00086AAA	78
CD:CONQUER.EXE+0x00086AF8	48
CD:CONQUER.EXE+0x00086B28	35
CD:CONQUER.EXE+0x00086B4B	83
CD:CONQUER.EXE+0x00086B9E	53
CD:CONQUER.EXE+0x00086BD3	41
CD:CONQUER.EXE+0x00086BFC	38
CD:CONQUER.EXE+0x00086C22	39
CD:CONQUER.EXE+0x00086C73	53
CD:CONQUER.EXE+0x00086CA8	53
CD:CONQUER.EXE+0x00086CDD	63
CD:CONQUER.EXE+0x00086D1C	71
CD:CONQUER.EXE+0x00086D66	54
CD:CONQUER.EXE+0x00086D9C	53
CD:CONQUER.EXE+0x00086DFC	29
CD:CONQUER.EXE+0x00086E19	62
CD:CONQUER.EXE+0x00086E5A	46
CD:CONQUER.EXE+0x00086E88	105
CD:CONQUER.EXE+0x00086EF4	77
CD:CONQUER.EXE+0x00086F41	128
CD:CONQUER.EXE+0x00086FC1	42
CD:CONQUER.EXE+0x00086FF7	14
CD:CONQUER.EXE+0x00087005	554
CD:CONQUER.EXE+0x0008722F	209
CD:CONQUER.EXE+0x00087300	482
CD:CONQUER.EXE+0x000874E2	148
CD:CONQUER.EXE+0x00087579	24
CD:CONQUER.EXE+0x00087594	14
CD:CONQUER.EXE+0x000875A5	14
CD:CONQUER.EXE+0x000875B6	85
CD:CONQUER.EXE+0x0008760E	14
CD:CONQUER.EXE+0x0008761F	14
CD:CONQUER.EXE+0x00087630	87
CD:CONQUER.EXE+0x0008768A	14
CD:CONQUER.EXE+0x00087698	69
CD:CONQUER.EXE+0x000876DD	50
CD:CONQUER.EXE+0x00087712	14
CD:CONQUER.EXE+0x00087720	155
CD:CONQUER.EXE+0x000877BE	14
CD:CONQUER.EXE+0x000877CF	14
CD:CONQUER.EXE+0x000877DD	33
CD:CONQUER.EXE+0x00087800	46
CD:CONQUER.EXE+0x00087830	23
CD:CONQUER.EXE+0x00087849	23
CD:CONQUER.EXE+0x00087862	23
CD:CONQUER.EXE+0x0008787B	40
CD:CONQUER.EXE+0x000878A6	14
CD:CONQUER.EXE+0x000878B7	14
CD:CONQUER.EXE+0x000878C5	33
CD:CONQUER.EXE+0x000878E8	1004
CD:CONQUER.EXE+0x00087CD6	436
CD:CONQUER.EXE+0x00087E8C	124
CD:CONQUER.EXE+0x00087F0A	46
CD:CONQUER.EXE+0x00087F3A	393
CD:CONQUER.EXE+0x000880C5	42
CD:CONQUER.EXE+0x000880F2	14
CD:CONQUER.EXE+0x00088103	14
CD:CONQUER.EXE+0x00088111	57
CD:CONQUER.EXE+0x0008814D	14
CD:CONQUER.EXE+0x0008815E	14
CD:CONQUER.EXE+0x0008816C	198
CD:CONQUER.EXE+0x00088232	17
CD:CONQUER.EXE+0x00088243	172
CD:CONQUER.EXE+0x000882EF	364
CD:CONQUER.EXE+0x0008845B	377
CD:CONQUER.EXE+0x000885D4	341
CD:CONQUER.EXE+0x00088729	159
CD:CONQUER.EXE+0x000887C8	347
CD:CONQUER.EXE+0x00088923	270
CD:CONQUER.EXE+0x00088A34	14
CD:CONQUER.EXE+0x00088A45	14
CD:CONQUER.EXE+0x00088A53	547
CD:CONQUER.EXE+0x00088C76	196
CD:CONQUER.EXE+0x00088D3D	14
CD:CONQUER.EXE+0x00088D4E	14
CD:CONQUER.EXE+0x00088D5F	143
CD:CONQUER.EXE+0x00088DF1	35
CD:CONQUER.EXE+0x00088E17	14
CD:CONQUER.EXE+0x00088E27	1164
CD:CONQUER.EXE+0x000892B3	33
CD:CONQUER.EXE+0x000892D6	446
CD:CONQUER.EXE+0x00089496	124
CD:CONQUER.EXE+0x00089514	46
CD:CONQUER.EXE+0x00089544	398
CD:CONQUER.EXE+0x000896D4	49
CD:CONQUER.EXE+0x00089705	106
CD:CONQUER.EXE+0x0008976F	129
CD:CONQUER.EXE+0x000897F0	161
CD:CONQUER.EXE+0x00089891	145
CD:CONQUER.EXE+0x00089922	268
CD:CONQUER.EXE+0x00089A2E	75
CD:CONQUER.EXE+0x00089A7C	116
CD:CONQUER.EXE+0x00089AF0	364
CD:CONQUER.EXE+0x00089C5C	318
CD:CONQUER.EXE+0x00089D9C	53
CD:CONQUER.EXE+0x00089DD1	70
CD:CONQUER.EXE+0x00089E17	33
CD:CONQUER.EXE+0x00089E3A	6
CD:CONQUER.EXE+0x00089E40	37
CD:CONQUER.EXE+0x00089E65	57
CD:CONQUER.EXE+0x00089E9E	50
CD:CONQUER.EXE+0x00089FAE	80
CD:CONQUER.EXE+0x00089FFE	53
CD:CONQUER.EXE+0x0008A05B	18
CD:CONQUER.EXE+0x0008A06D	6
CD:CONQUER.EXE+0x0008A073	6
CD:CONQUER.EXE+0x0008A079	28
CD:CONQUER.EXE+0x0008A095	86
CD:CONQUER.EXE+0x0008A0EB	22
CD:CONQUER.EXE+0x0008A1EB	9
CD:CONQUER.EXE+0x0008A22D	12
CD:CONQUER.EXE+0x0008A239	121
CD:CONQUER.EXE+0x0008A2C7	427
CD:CONQUER.EXE+0x0008A472	138
CD:CONQUER.EXE+0x0008A4FC	17
CD:CONQUER.EXE+0x0008A564	89
CD:CONQUER.EXE+0x0008A5BD	232
CD:CONQUER.EXE+0x0008A6A5	76
CD:CONQUER.EXE+0x0008A6F1	44
CD:CONQUER.EXE+0x0008A746	76
CD:CONQUER.EXE+0x0008A794	81
CD:CONQUER.EXE+0x0008A7E8	133
CD:CONQUER.EXE+0x0008A99F	27
CD:CONQUER.EXE+0x0008AA4A	75
CD:CONQUER.EXE+0x0008AA95	81
CD:CONQUER.EXE+0x0008AAE6	88
CD:CONQUER.EXE+0x0008AB3E	243
CD:CONQUER.EXE+0x0008AC32	19
CD:CONQUER.EXE+0x0008AC45	57
CD:CONQUER.EXE+0x0008AC7E	241
CD:CONQUER.EXE+0x0008AD6F	60
CD:CONQUER.EXE+0x0008ADAB	728
CD:CONQUER.EXE+0x0008B083	54
CD:CONQUER.EXE+0x0008B0B9	320
CD:CONQUER.EXE+0x0008B230	27
CD:CONQUER.EXE+0x0008B24B	42
CD:CONQUER.EXE+0x0008B275	279
CD:CONQUER.EXE+0x0008B38C	262
CD:CONQUER.EXE+0x0008B492	162
CD:CONQUER.EXE+0x0008B534	20
CD:CONQUER.EXE+0x0008B548	11
CD:CONQUER.EXE+0x0008B553	13
CD:CONQUER.EXE+0x0008B560	46
CD:CONQUER.EXE+0x0008B5AF	46
CD:CONQUER.EXE+0x0008B5DE	99
CD:CONQUER.EXE+0x0008B641	196
CD:CONQUER.EXE+0x0008B705	229
CD:CONQUER.EXE+0x0008B7F0	129
CD:CONQUER.EXE+0x0008B880	122
CD:CONQUER.EXE+0x0008B8FA	51
CD:CONQUER.EXE+0x0008B92D	254
CD:CONQUER.EXE+0x0008BA2B	146
CD:CONQUER.EXE+0x0008BAC0	90
CD:CONQUER.EXE+0x0008BB1C	142
CD:CONQUER.EXE+0x0008BBAA	11
CD:CONQUER.EXE+0x0008BBBF	163
CD:CONQUER.EXE+0x0008BC62	115
CD:CONQUER.EXE+0x0008BCD5	112
CD:CONQUER.EXE+0x0008BD45	592
CD:CONQUER.EXE+0x0008BF96	58
CD:CONQUER.EXE+0x0008BFD0	107
CD:CONQUER.EXE+0x0008C03B	106
CD:CONQUER.EXE+0x0008C0A5	167
CD:CONQUER.EXE+0x0008C15A	2
CD:CONQUER.EXE+0x0008C15C	26
CD:CONQUER.EXE+0x0008C188	93
CD:CONQUER.EXE+0x0008C242	21
CD:CONQUER.EXE+0x0008C589	77
CD:CONQUER.EXE+0x0008C5D6	84
CD:CONQUER.EXE+0x0008C62A	131
CD:CONQUER.EXE+0x0008C6AD	69
CD:CONQUER.EXE+0x0008C6F2	512
CD:CONQUER.EXE+0x0008C8F2	195
CD:CONQUER.EXE+0x0008C9E2	45
CD:CONQUER.EXE+0x0008CA28	62
CD:CONQUER.EXE+0x0008CA80	88
CD:CONQUER.EXE+0x0008CADF	32
CD:CONQUER.EXE+0x0008CB00	32
CD:CONQUER.EXE+0x0008CB20	123
