start	size	initialized	instructions	data	undefined	instructions_outside	data_outside	undefined_outside
1000:0000	27559	true	24497	146	2916	228	146	2916
16BA:0007	20062	true	18598	0	1464	0	0	1464
1BA0:0005	1305	true	1305	0	0	0	0	0
1BF1:000E	609	true	163	0	446	0	0	446
1C17:000F	8225	true	6315	0	1910	138	0	1910
1E1A:0000	1730	true	1201	0	529	0	0	529
1E86:0002	1547	true	1547	0	0	0	0	0
1EE6:000D	1610	true	1130	0	480	0	0	480
1F4B:0007	1055	true	786	0	269	0	0	269
1F8D:0006	2128	true	1796	0	332	0	0	332
2012:0006	3608	true	2565	1	1042	0	1	1042
20F3:000E	12256	true	11460	0	796	0	0	796
23F1:000E	2399	true	1436	0	963	0	0	963
2487:000D	408	true	380	0	28	0	0	28
24A1:0005	6628	true	4993	0	1635	0	0	1635
263F:0009	2668	true	2310	0	358	0	0	358
26E6:0005	1832	true	1306	0	526	0	0	526
2758:000D	1660	true	1174	0	486	0	0	486
27C0:0009	1554	true	1554	0	0	0	0	0
2821:000B	488	true	435	0	53	0	0	53
2840:0003	297	true	297	0	0	0	0	0
2852:000C	4626	true	4560	0	66	0	0	66
2973:000E	3599	true	3599	0	0	0	0	0
2A54:000D	245	true	244	0	1	0	0	1
2A64:0002	142	true	47	0	95	0	0	95
2A6D:0000	32	true	32	0	0	0	0	0
2A6F:0000	3056	true	2266	9	781	0	9	781
2B2E:0000	352	true	338	0	14	0	0	14
2B44:0000	1414	true	1414	0	0	0	0	0
2B9C:0006	4490	true	1295	0	3195	0	0	3195
2CB5:0000	128	true	128	0	0	0	0	0
2CBD:0000	323	true	317	0	6	0	0	6
2CD1:0003	76	true	76	0	0	0	0	0
2CD5:000F	706	true	706	0	0	0	0	0
2D02:0001	219	true	219	0	0	0	0	0
2D0F:000C	2563	true	2563	0	0	0	0	0
2DAF:000F	683	true	683	0	0	0	0	0
2DDA:000A	692	true	692	0	0	0	0	0
2E05:000E	48	true	48	0	0	0	0	0
2E08:000E	263	true	263	0	0	0	0	0
2E19:0005	456	true	456	0	0	0	0	0
2E35:000D	3560	true	3469	0	91	0	0	91
2F14:0005	1077	true	995	0	82	0	0	82
2F57:000A	1227	true	1227	0	0	0	0	0
2FA4:0005	337	true	337	0	0	0	0	0
2FB9:0006	67	true	67	0	0	0	0	0
2FBD:0009	310	true	310	0	0	0	0	0
2FD0:000F	2255	true	2255	0	0	0	0	0
305D:000E	968	true	659	0	309	0	0	309
309A:0006	44	true	43	0	1	0	0	1
309D:0002	702	true	444	0	258	0	0	258
30C9:0000	5335	true	4924	0	411	0	0	411
3216:0007	3299	true	3292	0	7	0	0	7
32E4:000A	226	true	187	0	39	0	0	39
32F2:000C	268	true	256	0	12	0	0	12
3303:0008	7394	true	5493	4	1897	0	4	1897
34D1:000A	2838	true	1018	0	1820	0	0	1820
3583:0000	21136	true	0	7693	13443	0	7693	13443
