xxh3	8e3074214b49ed45d0bf151a1173ec3f
source_sha256	ec7f3052b6b33de049668de2fcd08cb21ec506c6412dea33d2a076b2d160833c
analysis_tool	Ghidra 12.1.3
language	x86:LE:16:Protected Mode
database_snapshot	sha256:b7c8c86251639eec41c65b1e35d71a4414224b173c5d59d9af87554a0a60ff7d
export_revision	sha256:01ea48f91c448ef5b35fdcbb67927a1e28e553dc5294e3de32204c4d20e169a7
exported_functions	180
unmapped_functions	61
unmapped_reason	Analyzer auxiliary definitions outside the two source-backed NE table segments; external imports have no source body.
analyzer_body_bytes_unique	13204
analyzer_body_bytes_outside_executable	244
